"n","omega","rho","p","delta1","delta2","delta3","nu1","nu2","nu3","beta1","beta2","beta3","gamma1","gamma2","gamma3","eta1","eta2","eta3","eta4","eta5","tau","plugin","pluginse","onestep","onestepse","maxl1","maxpi1","mink","maxk"
5000,0.2,0.5,3,-0.1,-0.6,-0.9,0.1,-0.1,0.1,1,2,-2,1,1,1,0.6,-0.2,0.8,0.1,-0.3,1,2.41061913147643,0.0403744307867476,2.73323456236903,0.180847129976206,0.99867600834524,0.846783782177426,0.115248579098675,0.914353520978604
5000,0.2,0.5,3,-0.1,-0.6,-0.9,0.1,-0.1,0.1,1,2,-2,1,1,1,0.6,-0.2,0.8,0.1,-0.3,1,2.28186824472389,0.0465778322392101,2.61490868596129,0.227130430588011,0.999277054818763,0.868851152852693,0.0931559614331571,0.900309908451511
5000,0.2,0.5,3,-0.1,-0.6,-0.9,0.1,-0.1,0.1,1,2,-2,1,1,1,0.6,-0.2,0.8,0.1,-0.3,1,2.24275736409758,0.0457966645314774,2.4194942460781,0.216820815589271,0.997236015832001,0.830903758524879,0.114053751148012,0.922622916631112
5000,0.2,0.5,3,-0.1,-0.6,-0.9,0.1,-0.1,0.1,1,2,-2,1,1,1,0.6,-0.2,0.8,0.1,-0.3,1,2.36370646327879,0.0456239177627367,2.58624023608732,0.225299135477625,0.995429151826032,0.86647245438131,0.130883922837469,0.939382437862023
5000,0.2,0.5,3,-0.1,-0.6,-0.9,0.1,-0.1,0.1,1,2,-2,1,1,1,0.6,-0.2,0.8,0.1,-0.3,1,2.26754024655531,0.0411988450727607,2.54490188533957,0.188676358720004,0.999774732003426,0.845389480435072,0.116653536576977,0.909409806452109
5000,0.2,0.5,3,-0.1,-0.6,-0.9,0.1,-0.1,0.1,1,2,-2,1,1,1,0.6,-0.2,0.8,0.1,-0.3,1,2.32965800527106,0.0404754070664377,2.58448585677668,0.19281571265243,0.999146642844981,0.832759658823468,0.11726918614936,0.925981798547144
5000,0.2,0.5,3,-0.1,-0.6,-0.9,0.1,-0.1,0.1,1,2,-2,1,1,1,0.6,-0.2,0.8,0.1,-0.3,1,2.23367631829172,0.0457870010836525,2.69751067949634,0.216837738262568,0.999409829651389,0.854129480360279,0.109417743140568,0.924527752524189
5000,0.2,0.5,3,-0.1,-0.6,-0.9,0.1,-0.1,0.1,1,2,-2,1,1,1,0.6,-0.2,0.8,0.1,-0.3,1,2.45896257807503,0.0469593305132143,2.70415362960274,0.210761491855163,0.997838222629125,0.837961462461997,0.0931811603139171,0.897483771632907
5000,0.2,0.5,3,-0.1,-0.6,-0.9,0.1,-0.1,0.1,1,2,-2,1,1,1,0.6,-0.2,0.8,0.1,-0.3,1,2.55999950101911,0.0381453874441953,2.54292893508639,0.170194494217619,0.997744683003942,0.825775687204773,0.113668170505682,0.925241688315962
5000,0.2,0.5,3,-0.1,-0.6,-0.9,0.1,-0.1,0.1,1,2,-2,1,1,1,0.6,-0.2,0.8,0.1,-0.3,1,2.10985607904376,0.046155951817518,2.34138402687875,0.215377110935925,0.995976422147527,0.859828135463068,0.104439272751296,0.913980936937788
5000,0.2,0.5,3,-0.1,-0.6,-0.9,0.1,-0.1,0.1,1,2,-2,1,1,1,0.6,-0.2,0.8,0.1,-0.3,1,2.32628522924519,0.0501516495963144,2.96504845796632,0.266749552163222,0.996444208001865,0.916983958703867,0.103749125039296,0.905947619916117
5000,0.2,0.5,3,-0.1,-0.6,-0.9,0.1,-0.1,0.1,1,2,-2,1,1,1,0.6,-0.2,0.8,0.1,-0.3,1,2.26435426560144,0.0523473573081529,2.38827629506887,0.211417196576635,0.999874042592599,0.885888169045595,0.0740916915113174,0.937379646446201
5000,0.2,0.5,3,-0.1,-0.6,-0.9,0.1,-0.1,0.1,1,2,-2,1,1,1,0.6,-0.2,0.8,0.1,-0.3,1,2.41406648956582,0.0481674680126569,2.33135999238003,0.251394473095198,0.99572112230057,0.878686040690818,0.106092183407735,0.898607650675249
5000,0.2,0.5,3,-0.1,-0.6,-0.9,0.1,-0.1,0.1,1,2,-2,1,1,1,0.6,-0.2,0.8,0.1,-0.3,1,2.30262415128611,0.0466104954670876,2.09011065936235,0.22484685745448,0.99979417194663,0.855438039267402,0.0705888308724969,0.917968238470014
5000,0.2,0.5,3,-0.1,-0.6,-0.9,0.1,-0.1,0.1,1,2,-2,1,1,1,0.6,-0.2,0.8,0.1,-0.3,1,2.4681942755154,0.0448257937443337,2.54200181974454,0.226674711945294,0.999890123719022,0.852250855356408,0.0942068451743274,0.921260318661089
5000,0.2,0.5,3,-0.1,-0.6,-0.9,0.1,-0.1,0.1,1,2,-2,1,1,1,0.6,-0.2,0.8,0.1,-0.3,1,2.41246377023348,0.039211432254039,2.50757901228449,0.175806583886075,0.999805550515305,0.851031463849178,0.12756409822916,0.91707080442206
5000,0.2,0.5,3,-0.1,-0.6,-0.9,0.1,-0.1,0.1,1,2,-2,1,1,1,0.6,-0.2,0.8,0.1,-0.3,1,2.51631137658494,0.038122483434461,2.48154081259202,0.168987123894257,0.997440657363521,0.83833555789464,0.112894043335178,0.92123703271062
5000,0.2,0.5,3,-0.1,-0.6,-0.9,0.1,-0.1,0.1,1,2,-2,1,1,1,0.6,-0.2,0.8,0.1,-0.3,1,2.27243240387562,0.0441520005035412,2.67003420376169,0.196652702276794,0.999812347704555,0.85360377061645,0.106110626157811,0.934945959700916
5000,0.2,0.5,3,-0.1,-0.6,-0.9,0.1,-0.1,0.1,1,2,-2,1,1,1,0.6,-0.2,0.8,0.1,-0.3,1,2.39763441827599,0.0481616506763914,2.61264916266124,0.229407769183826,0.996754130291582,0.877930467062658,0.0929364423454242,0.913595833434309
5000,0.2,0.5,3,-0.1,-0.6,-0.9,0.1,-0.1,0.1,1,2,-2,1,1,1,0.6,-0.2,0.8,0.1,-0.3,1,2.43260314650746,0.0445279410052731,2.88587954380424,0.217621049784021,0.999611164774227,0.878397492442018,0.0765576097530817,0.921822203656964
5000,0.2,0.5,3,-0.1,-0.6,-0.9,0.1,-0.1,0.1,1,2,-2,1,1,1,0.6,-0.2,0.8,0.1,-0.3,1,2.47474731731451,0.0470139474343516,2.74697559316501,0.26552064891137,0.999878878315495,0.865467458050071,0.0944408353687345,0.917562912414752
5000,0.2,0.5,3,-0.1,-0.6,-0.9,0.1,-0.1,0.1,1,2,-2,1,1,1,0.6,-0.2,0.8,0.1,-0.3,1,2.31952191169687,0.045889133359955,2.56313685597252,0.230477445727045,0.999831873120254,0.859332284216658,0.0962758274740913,0.946136827915381
5000,0.2,0.5,3,-0.1,-0.6,-0.9,0.1,-0.1,0.1,1,2,-2,1,1,1,0.6,-0.2,0.8,0.1,-0.3,1,2.23628741020438,0.0515540689879494,2.61983719777583,0.260014945032208,0.999012669036061,0.874088618944207,0.103249195574333,0.904692360102463
5000,0.2,0.5,3,-0.1,-0.6,-0.9,0.1,-0.1,0.1,1,2,-2,1,1,1,0.6,-0.2,0.8,0.1,-0.3,1,2.33727029367206,0.0430948989857974,2.49534918198352,0.231442157912025,0.998981271663109,0.834219047894987,0.115655067719611,0.907457784689193
5000,0.2,0.5,3,-0.1,-0.6,-0.9,0.1,-0.1,0.1,1,2,-2,1,1,1,0.6,-0.2,0.8,0.1,-0.3,1,2.23992293389746,0.0435627924772379,2.47042193139511,0.222851806555831,0.999823701469896,0.851177595939216,0.104762408873076,0.924183236811768
5000,0.2,0.5,3,-0.1,-0.6,-0.9,0.1,-0.1,0.1,1,2,-2,1,1,1,0.6,-0.2,0.8,0.1,-0.3,1,2.45375502915767,0.0378644582439275,2.4372858559816,0.176933933871862,0.99463382099682,0.82621107361295,0.153727999349801,0.898637960580684
5000,0.2,0.5,3,-0.1,-0.6,-0.9,0.1,-0.1,0.1,1,2,-2,1,1,1,0.6,-0.2,0.8,0.1,-0.3,1,2.32158291490303,0.0422928265329545,2.90436280643645,0.18758268372441,0.999153442091095,0.863994191119339,0.0826328877410925,0.914109009794981
5000,0.2,0.5,3,-0.1,-0.6,-0.9,0.1,-0.1,0.1,1,2,-2,1,1,1,0.6,-0.2,0.8,0.1,-0.3,1,2.37621144655367,0.0460825734816565,2.26820525656463,0.228795468386422,0.999388498580982,0.869001196756987,0.0972688661013323,0.91736638010883
5000,0.2,0.5,3,-0.1,-0.6,-0.9,0.1,-0.1,0.1,1,2,-2,1,1,1,0.6,-0.2,0.8,0.1,-0.3,1,2.37560908913205,0.0446891033328008,2.1040264455956,0.23706499141986,0.999185111995256,0.822900121726743,0.112305447620769,0.911572406082681
5000,0.2,0.5,3,-0.1,-0.6,-0.9,0.1,-0.1,0.1,1,2,-2,1,1,1,0.6,-0.2,0.8,0.1,-0.3,1,2.34887970669741,0.0427702357134988,2.64993626530997,0.181177529813695,0.996284194539176,0.818870231012592,0.113572653272907,0.911977847281646
5000,0.2,0.5,3,-0.1,-0.6,-0.9,0.1,-0.1,0.1,1,2,-2,1,1,1,0.6,-0.2,0.8,0.1,-0.3,1,2.14018027600177,0.0431859521954519,2.24299337807325,0.180261495084108,0.999281604929183,0.855311231470624,0.109203970792571,0.89747125604739
5000,0.2,0.5,3,-0.1,-0.6,-0.9,0.1,-0.1,0.1,1,2,-2,1,1,1,0.6,-0.2,0.8,0.1,-0.3,1,2.41226651738516,0.0449770567557931,2.90131527398304,0.201621912701062,0.998440635819039,0.882906782494951,0.097294557486457,0.908589405559594
5000,0.2,0.5,3,-0.1,-0.6,-0.9,0.1,-0.1,0.1,1,2,-2,1,1,1,0.6,-0.2,0.8,0.1,-0.3,1,2.52392110986106,0.0427191024443373,2.63292147061319,0.206036606357643,0.999815268970698,0.878254221036876,0.0881787019093437,0.930841770728802
5000,0.2,0.5,3,-0.1,-0.6,-0.9,0.1,-0.1,0.1,1,2,-2,1,1,1,0.6,-0.2,0.8,0.1,-0.3,1,2.3041181554035,0.037652649870111,2.65507212209868,0.15686580856687,0.999720966013631,0.857218160237938,0.113642388838912,0.910932433373052
5000,0.2,0.5,3,-0.1,-0.6,-0.9,0.1,-0.1,0.1,1,2,-2,1,1,1,0.6,-0.2,0.8,0.1,-0.3,1,2.30247312594753,0.0446343597929653,2.7237546547987,0.192855726401092,0.999541720406132,0.868028628820886,0.09090641406588,0.937840430528483
5000,0.2,0.5,3,-0.1,-0.6,-0.9,0.1,-0.1,0.1,1,2,-2,1,1,1,0.6,-0.2,0.8,0.1,-0.3,1,2.2388930242747,0.0472699787956888,2.69390141152055,0.250814995088144,0.99830690939756,0.840213645358855,0.0975226844176664,0.925927079767118
5000,0.2,0.5,3,-0.1,-0.6,-0.9,0.1,-0.1,0.1,1,2,-2,1,1,1,0.6,-0.2,0.8,0.1,-0.3,1,2.28411569099502,0.0435029862500912,2.3316463656605,0.211460671774945,0.999071126415175,0.850379543312831,0.134982816605502,0.940586434823628
5000,0.2,0.5,3,-0.1,-0.6,-0.9,0.1,-0.1,0.1,1,2,-2,1,1,1,0.6,-0.2,0.8,0.1,-0.3,1,2.61572945649467,0.0449161792962921,2.99996074445328,0.247238715884584,0.999863599368296,0.878009047196082,0.0850309560668048,0.915736226592081
5000,0.2,0.5,3,-0.1,-0.6,-0.9,0.1,-0.1,0.1,1,2,-2,1,1,1,0.6,-0.2,0.8,0.1,-0.3,1,2.41030197806984,0.0445283073929935,2.5035214919373,0.191869694718384,0.998095629131065,0.847649771104432,0.111349417291774,0.922883784554295
5000,0.2,0.5,3,-0.1,-0.6,-0.9,0.1,-0.1,0.1,1,2,-2,1,1,1,0.6,-0.2,0.8,0.1,-0.3,1,2.5128281373537,0.0434896864688332,2.30513732043026,0.259164185431771,0.999848019863542,0.882092015278384,0.100777163276274,0.914643276043971
5000,0.2,0.5,3,-0.1,-0.6,-0.9,0.1,-0.1,0.1,1,2,-2,1,1,1,0.6,-0.2,0.8,0.1,-0.3,1,2.39131720331003,0.0418853719292735,2.27495860747486,0.197599948197741,0.999919535083413,0.850940922483041,0.0824984320059198,0.928260703131386
5000,0.2,0.5,3,-0.1,-0.6,-0.9,0.1,-0.1,0.1,1,2,-2,1,1,1,0.6,-0.2,0.8,0.1,-0.3,1,2.44451844181441,0.0441742201830035,2.33737551944451,0.229639774538228,0.999521941722556,0.874820262459146,0.0943748251143601,0.918331222893815
5000,0.2,0.5,3,-0.1,-0.6,-0.9,0.1,-0.1,0.1,1,2,-2,1,1,1,0.6,-0.2,0.8,0.1,-0.3,1,2.23235459233453,0.045068210560886,2.6768646514256,0.201444897130133,0.999305214566198,0.815999738786894,0.103387778400204,0.88929933274349
5000,0.2,0.5,3,-0.1,-0.6,-0.9,0.1,-0.1,0.1,1,2,-2,1,1,1,0.6,-0.2,0.8,0.1,-0.3,1,2.54344220784058,0.0504288878687554,2.76487005813627,0.247054912097206,0.998330951505065,0.830087213348324,0.102619326642639,0.919868446277907
5000,0.2,0.5,3,-0.1,-0.6,-0.9,0.1,-0.1,0.1,1,2,-2,1,1,1,0.6,-0.2,0.8,0.1,-0.3,1,2.23172519588077,0.0485146451605726,2.43316520322856,0.257739330785992,0.999108185529024,0.862590288681158,0.0878118939707246,0.930118876482636
5000,0.2,0.5,3,-0.1,-0.6,-0.9,0.1,-0.1,0.1,1,2,-2,1,1,1,0.6,-0.2,0.8,0.1,-0.3,1,2.27405099183325,0.0543444398979506,2.56206636462525,0.281870367062465,0.999581414027851,0.842367574731453,0.0959289206907902,0.92800425198737
5000,0.2,0.5,3,-0.1,-0.6,-0.9,0.1,-0.1,0.1,1,2,-2,1,1,1,0.6,-0.2,0.8,0.1,-0.3,1,2.30961536131305,0.0452883922210292,2.68086224225939,0.209283556051545,0.999943509426221,0.880504752665337,0.121170968024747,0.924303935553665
5000,0.2,0.5,3,-0.1,-0.6,-0.9,0.1,-0.1,0.1,1,2,-2,1,1,1,0.6,-0.2,0.8,0.1,-0.3,1,2.43172942482171,0.0452650289146066,2.75511208776476,0.259190015506951,0.997097498133864,0.881329908745293,0.093828943419359,0.93833305722545
5000,0.2,0.5,3,-0.1,-0.6,-0.9,0.1,-0.1,0.1,1,2,-2,1,1,1,0.6,-0.2,0.8,0.1,-0.3,1,2.55724775154197,0.0439396656575399,2.50867615239376,0.177551674203638,0.996822506580145,0.887675922173939,0.101684305226013,0.930068285856281
5000,0.2,0.5,3,-0.1,-0.6,-0.9,0.1,-0.1,0.1,1,2,-2,1,1,1,0.6,-0.2,0.8,0.1,-0.3,1,2.51462668579184,0.0471978170148149,2.32979978809933,0.257859604193243,0.994795213823464,0.863388601963201,0.126994861037527,0.901145635411241
5000,0.2,0.5,3,-0.1,-0.6,-0.9,0.1,-0.1,0.1,1,2,-2,1,1,1,0.6,-0.2,0.8,0.1,-0.3,1,2.485877708025,0.0404313147192037,2.63766352790186,0.198038926335472,0.998168704953845,0.848982324556296,0.0907790771563035,0.935055073641733
5000,0.2,0.5,3,-0.1,-0.6,-0.9,0.1,-0.1,0.1,1,2,-2,1,1,1,0.6,-0.2,0.8,0.1,-0.3,1,2.39891822030957,0.0389328151459691,2.41733499303627,0.157963002333812,0.999808720060618,0.865005721020366,0.110766422685317,0.917191893485381
5000,0.2,0.5,3,-0.1,-0.6,-0.9,0.1,-0.1,0.1,1,2,-2,1,1,1,0.6,-0.2,0.8,0.1,-0.3,1,2.47090925367229,0.0433855954014496,2.26945949714499,0.184117764580426,0.999367317833181,0.885395095553327,0.102412187169773,0.915480866992554
5000,0.2,0.5,3,-0.1,-0.6,-0.9,0.1,-0.1,0.1,1,2,-2,1,1,1,0.6,-0.2,0.8,0.1,-0.3,1,2.38754775173768,0.0548762698716966,2.68583735895355,0.285477995194715,0.999339157572961,0.861257181450807,0.111349529484321,0.945165457989257
5000,0.2,0.5,3,-0.1,-0.6,-0.9,0.1,-0.1,0.1,1,2,-2,1,1,1,0.6,-0.2,0.8,0.1,-0.3,1,2.62626372399067,0.0383134446695469,2.82201141511051,0.155295113635997,0.999739872544353,0.817743938328972,0.0918538330721367,0.913041182443678
5000,0.2,0.5,3,-0.1,-0.6,-0.9,0.1,-0.1,0.1,1,2,-2,1,1,1,0.6,-0.2,0.8,0.1,-0.3,1,2.30199274002552,0.0429907568600812,2.55491338466322,0.193916346511593,0.998296647782035,0.858979673633037,0.101566496921644,0.926000936483787
5000,0.2,0.5,3,-0.1,-0.6,-0.9,0.1,-0.1,0.1,1,2,-2,1,1,1,0.6,-0.2,0.8,0.1,-0.3,1,2.29924523366115,0.0454387879272974,2.55338563318037,0.214298841821396,0.998423907717901,0.866377458211503,0.121263176350794,0.937125064690937
5000,0.2,0.5,3,-0.1,-0.6,-0.9,0.1,-0.1,0.1,1,2,-2,1,1,1,0.6,-0.2,0.8,0.1,-0.3,1,2.24213156874139,0.0458145726139703,2.42533251019945,0.19806829139934,0.997225834411862,0.867854886540425,0.0736270604428491,0.925967628497719
5000,0.2,0.5,3,-0.1,-0.6,-0.9,0.1,-0.1,0.1,1,2,-2,1,1,1,0.6,-0.2,0.8,0.1,-0.3,1,2.34935150779453,0.0455161248530057,2.49805281390432,0.207802078934319,0.99945416713697,0.858167902647751,0.106440466522763,0.943016665823051
5000,0.2,0.5,3,-0.1,-0.6,-0.9,0.1,-0.1,0.1,1,2,-2,1,1,1,0.6,-0.2,0.8,0.1,-0.3,1,2.22840612016543,0.0507194237423336,2.94404156431218,0.267849247154536,0.999803243664241,0.863817714419383,0.0617901088436738,0.932307310924575
5000,0.2,0.5,3,-0.1,-0.6,-0.9,0.1,-0.1,0.1,1,2,-2,1,1,1,0.6,-0.2,0.8,0.1,-0.3,1,2.45529141237277,0.0403096468144785,2.64682772175353,0.178475273619301,0.999890817748436,0.880200162578253,0.134884477584854,0.922263640402165
5000,0.2,0.5,3,-0.1,-0.6,-0.9,0.1,-0.1,0.1,1,2,-2,1,1,1,0.6,-0.2,0.8,0.1,-0.3,1,2.37447004210516,0.043455568110649,2.52683603418365,0.166923222303254,0.999777787215594,0.862655643137543,0.119471646225526,0.918515047294912
5000,0.2,0.5,3,-0.1,-0.6,-0.9,0.1,-0.1,0.1,1,2,-2,1,1,1,0.6,-0.2,0.8,0.1,-0.3,1,2.27097474559494,0.0409758268361035,2.50663358126983,0.17869216613345,0.998948094027017,0.823264131068119,0.0867388057425104,0.9347478216463
5000,0.2,0.5,3,-0.1,-0.6,-0.9,0.1,-0.1,0.1,1,2,-2,1,1,1,0.6,-0.2,0.8,0.1,-0.3,1,2.41022879020715,0.0372787338321049,2.48697277207171,0.168829258127846,0.996213226249028,0.81484683059755,0.107414268284027,0.92146379970151
5000,0.2,0.5,3,-0.1,-0.6,-0.9,0.1,-0.1,0.1,1,2,-2,1,1,1,0.6,-0.2,0.8,0.1,-0.3,1,2.40245167542243,0.0413064342499217,2.45247520452436,0.173592468662723,0.997011991451322,0.816436488534482,0.0907378474126632,0.922774523750371
5000,0.2,0.5,3,-0.1,-0.6,-0.9,0.1,-0.1,0.1,1,2,-2,1,1,1,0.6,-0.2,0.8,0.1,-0.3,1,2.35277349543368,0.0419882173379183,2.60171058355561,0.189186374349877,0.999463027527868,0.826863219170758,0.0781866114689459,0.941803701681712
5000,0.2,0.5,3,-0.1,-0.6,-0.9,0.1,-0.1,0.1,1,2,-2,1,1,1,0.6,-0.2,0.8,0.1,-0.3,1,2.73341506165661,0.0425373868048759,2.65035721115698,0.246899814476429,0.999221449400836,0.845468695509959,0.10257372028757,0.91222171266219
5000,0.2,0.5,3,-0.1,-0.6,-0.9,0.1,-0.1,0.1,1,2,-2,1,1,1,0.6,-0.2,0.8,0.1,-0.3,1,2.28656600256897,0.0440273478373744,2.15810687282368,0.19874941923973,0.995746091154159,0.87680046720133,0.100381815547555,0.950813784595848
5000,0.2,0.5,3,-0.1,-0.6,-0.9,0.1,-0.1,0.1,1,2,-2,1,1,1,0.6,-0.2,0.8,0.1,-0.3,1,2.33944623966455,0.041779149771996,2.63601218742251,0.200803213182392,0.997349645272385,0.868964228950018,0.0916567551402578,0.943936362331233
5000,0.2,0.5,3,-0.1,-0.6,-0.9,0.1,-0.1,0.1,1,2,-2,1,1,1,0.6,-0.2,0.8,0.1,-0.3,1,2.48465394687414,0.0497519100668436,2.3506649303707,0.303856051545331,0.997517812380456,0.843380979994044,0.0902830924386606,0.935274645429623
5000,0.2,0.5,3,-0.1,-0.6,-0.9,0.1,-0.1,0.1,1,2,-2,1,1,1,0.6,-0.2,0.8,0.1,-0.3,1,2.58657300026213,0.0436233331979631,2.43796883383292,0.252466060169912,0.999712541632705,0.885096458471545,0.100079019020212,0.931255906900732
5000,0.2,0.5,3,-0.1,-0.6,-0.9,0.1,-0.1,0.1,1,2,-2,1,1,1,0.6,-0.2,0.8,0.1,-0.3,1,2.2645451609915,0.0496075866195695,2.6006718203093,0.27321476800817,0.998138336077476,0.852652116478195,0.157757546259011,0.913167221530774
5000,0.2,0.5,3,-0.1,-0.6,-0.9,0.1,-0.1,0.1,1,2,-2,1,1,1,0.6,-0.2,0.8,0.1,-0.3,1,2.30243132284167,0.0484094680445405,2.37361981779703,0.249041459244955,0.999400531439089,0.860537447924729,0.0878098313282207,0.901491587864556
5000,0.2,0.5,3,-0.1,-0.6,-0.9,0.1,-0.1,0.1,1,2,-2,1,1,1,0.6,-0.2,0.8,0.1,-0.3,1,2.41248755992126,0.0470771978042775,2.59281436359651,0.23411475290685,0.998808894103264,0.82317043329251,0.118262192980662,0.924133096679214
5000,0.2,0.5,3,-0.1,-0.6,-0.9,0.1,-0.1,0.1,1,2,-2,1,1,1,0.6,-0.2,0.8,0.1,-0.3,1,2.27903549513627,0.0452009363329115,2.62047629109937,0.196345780024675,0.997232476698546,0.864666478938187,0.105638987606456,0.928845012694628
5000,0.2,0.5,3,-0.1,-0.6,-0.9,0.1,-0.1,0.1,1,2,-2,1,1,1,0.6,-0.2,0.8,0.1,-0.3,1,2.39902625756109,0.0440127062280683,2.48757192243518,0.2108522185612,0.999888030917263,0.855828007376029,0.0948639830579523,0.92688198198793
5000,0.2,0.5,3,-0.1,-0.6,-0.9,0.1,-0.1,0.1,1,2,-2,1,1,1,0.6,-0.2,0.8,0.1,-0.3,1,2.15379321509338,0.0423612520531323,2.6229364267155,0.183970881059042,0.999836230825225,0.83785177937516,0.0748574646085786,0.928660583015291
5000,0.2,0.5,3,-0.1,-0.6,-0.9,0.1,-0.1,0.1,1,2,-2,1,1,1,0.6,-0.2,0.8,0.1,-0.3,1,2.25331174203278,0.0438401405849865,2.49017261827874,0.214601783136792,0.999824096840164,0.84795136961786,0.126968400814529,0.906237108073134
5000,0.2,0.5,3,-0.1,-0.6,-0.9,0.1,-0.1,0.1,1,2,-2,1,1,1,0.6,-0.2,0.8,0.1,-0.3,1,2.27212463951806,0.0485909692918587,2.79468033381134,0.245045819977242,0.998086718213752,0.848081022462571,0.0737198418203524,0.937987261001492
5000,0.2,0.5,3,-0.1,-0.6,-0.9,0.1,-0.1,0.1,1,2,-2,1,1,1,0.6,-0.2,0.8,0.1,-0.3,1,2.46361656854556,0.0522081925319377,2.37040856620166,0.237235936940346,0.999849403571826,0.870235762456182,0.10555274546675,0.912980034078197
5000,0.2,0.5,3,-0.1,-0.6,-0.9,0.1,-0.1,0.1,1,2,-2,1,1,1,0.6,-0.2,0.8,0.1,-0.3,1,2.47702797299749,0.0411971961689208,2.51382099661102,0.179868853731124,0.999568829904833,0.840881617052881,0.105294357429254,0.934258750828417
5000,0.2,0.5,3,-0.1,-0.6,-0.9,0.1,-0.1,0.1,1,2,-2,1,1,1,0.6,-0.2,0.8,0.1,-0.3,1,2.55830248284617,0.0427824661037478,2.70357388857542,0.186026338021442,0.999720882961815,0.864553882637087,0.122780910675428,0.913878612420476
5000,0.2,0.5,3,-0.1,-0.6,-0.9,0.1,-0.1,0.1,1,2,-2,1,1,1,0.6,-0.2,0.8,0.1,-0.3,1,2.31448807861226,0.0521462982410501,2.59133702976194,0.250997849044007,0.999722354418382,0.862670577928974,0.111257363839656,0.932393350010275
5000,0.2,0.5,3,-0.1,-0.6,-0.9,0.1,-0.1,0.1,1,2,-2,1,1,1,0.6,-0.2,0.8,0.1,-0.3,1,2.28904401837654,0.047592267465896,2.63405748779396,0.229108373912031,0.999669840117557,0.86938653330318,0.109955785390006,0.918865854698421
5000,0.2,0.5,3,-0.1,-0.6,-0.9,0.1,-0.1,0.1,1,2,-2,1,1,1,0.6,-0.2,0.8,0.1,-0.3,1,2.32670641056248,0.0409337987030287,2.45034473203406,0.190922754978786,0.99547126861151,0.851150363571211,0.127798711104623,0.893533371808686
5000,0.2,0.5,3,-0.1,-0.6,-0.9,0.1,-0.1,0.1,1,2,-2,1,1,1,0.6,-0.2,0.8,0.1,-0.3,1,2.65446937565294,0.0435976531120073,2.18418968158637,0.229588395405608,0.997833015161355,0.840112239419595,0.109861308536042,0.917652957781272
5000,0.2,0.5,3,-0.1,-0.6,-0.9,0.1,-0.1,0.1,1,2,-2,1,1,1,0.6,-0.2,0.8,0.1,-0.3,1,2.21631622330319,0.042955517887789,2.53747738698521,0.184122079390552,0.997782185604602,0.840143170411116,0.102603303074336,0.900395626778516
5000,0.2,0.5,3,-0.1,-0.6,-0.9,0.1,-0.1,0.1,1,2,-2,1,1,1,0.6,-0.2,0.8,0.1,-0.3,1,2.19418809676401,0.0538672570747086,2.29607452527294,0.302093407325174,0.999503375082776,0.854871620924984,0.138198887029428,0.922404344486997
5000,0.2,0.5,3,-0.1,-0.6,-0.9,0.1,-0.1,0.1,1,2,-2,1,1,1,0.6,-0.2,0.8,0.1,-0.3,1,2.36251321684708,0.0401393564107501,2.33335848395139,0.186078316617851,0.997572438849909,0.842347883610681,0.0970514070023494,0.934782729903997
5000,0.2,0.5,3,-0.1,-0.6,-0.9,0.1,-0.1,0.1,1,2,-2,1,1,1,0.6,-0.2,0.8,0.1,-0.3,1,2.25488600091573,0.0472068457429296,2.43763215093122,0.206341720125563,0.995535250623863,0.872410446152604,0.123371188691738,0.908437516598885
5000,0.2,0.5,3,-0.1,-0.6,-0.9,0.1,-0.1,0.1,1,2,-2,1,1,1,0.6,-0.2,0.8,0.1,-0.3,1,2.27295754404531,0.0411535188078621,2.57586503000937,0.181476137750574,0.997938158824274,0.843976403415657,0.107088208730024,0.92971772357986
5000,0.2,0.5,3,-0.1,-0.6,-0.9,0.1,-0.1,0.1,1,2,-2,1,1,1,0.6,-0.2,0.8,0.1,-0.3,1,2.35346420585183,0.0482225553089617,2.58446492521547,0.214503896761669,0.998727040447865,0.861724231558867,0.129684363526622,0.929139409577432
5000,0.2,0.5,3,-0.1,-0.6,-0.9,0.1,-0.1,0.1,1,2,-2,1,1,1,0.6,-0.2,0.8,0.1,-0.3,1,2.61030446967855,0.0508281387365418,2.7558205687119,0.240192772655017,0.999620190251657,0.872265077741062,0.12619693063383,0.911626082210536
5000,0.2,0.5,3,-0.1,-0.6,-0.9,0.1,-0.1,0.1,1,2,-2,1,1,1,0.6,-0.2,0.8,0.1,-0.3,1,2.43279842770257,0.0459660591724267,2.44571060839111,0.219243967565416,0.999844094576662,0.896278635238783,0.0573562889399744,0.939623178272684
5000,0.2,0.5,3,-0.1,-0.6,-0.9,0.1,-0.1,0.1,1,2,-2,1,1,1,0.6,-0.2,0.8,0.1,-0.3,1,2.30108646768206,0.0518712278737658,2.43981894374146,0.301059506053694,0.998152126179711,0.879223542122286,0.0952072218277556,0.931374224531518
5000,0.2,0.5,3,-0.1,-0.6,-0.9,0.1,-0.1,0.1,1,2,-2,1,1,1,0.6,-0.2,0.8,0.1,-0.3,1,2.33173273199468,0.0480090231458933,2.66096105314155,0.27604181113803,0.99527447040034,0.851724275478285,0.109437491182515,0.914662282569361
5000,0.2,0.5,3,-0.1,-0.6,-0.9,0.1,-0.1,0.1,1,2,-2,1,1,1,0.6,-0.2,0.8,0.1,-0.3,1,2.44103764275336,0.0495601901261628,2.62891381701525,0.2895964351044,0.999539772438153,0.846205479064241,0.0906728555667938,0.949284192266267
5000,0.2,0.5,3,-0.1,-0.6,-0.9,0.1,-0.1,0.1,1,2,-2,1,1,1,0.6,-0.2,0.8,0.1,-0.3,1,2.30738318485437,0.0498531584253847,2.75577775243825,0.220805133851437,0.998234971795714,0.880564596269173,0.0584596051518801,0.958825920271893
5000,0.2,0.5,3,-0.1,-0.6,-0.9,0.1,-0.1,0.1,1,2,-2,1,1,1,0.6,-0.2,0.8,0.1,-0.3,1,2.33767143095477,0.0425593769323457,2.6028532713198,0.182750817727618,0.994703088459287,0.845515279400726,0.137975042748795,0.923500709585524
5000,0.2,0.5,3,-0.1,-0.6,-0.9,0.1,-0.1,0.1,1,2,-2,1,1,1,0.6,-0.2,0.8,0.1,-0.3,1,2.36185545963898,0.0505677098071714,2.59332459130659,0.253789027183046,0.999772363360163,0.833469342365258,0.106126664614403,0.912197179386621
5000,0.2,0.5,3,-0.1,-0.6,-0.9,0.1,-0.1,0.1,1,2,-2,1,1,1,0.6,-0.2,0.8,0.1,-0.3,1,2.22409292897804,0.0485003401019891,2.36698929688727,0.224041574843286,0.999696582327494,0.879316593833476,0.154592486680587,0.914507283837934
5000,0.2,0.5,3,-0.1,-0.6,-0.9,0.1,-0.1,0.1,1,2,-2,1,1,1,0.6,-0.2,0.8,0.1,-0.3,1,2.11225287797882,0.0451745804854909,2.37515271528937,0.210099580800399,0.999656134879259,0.834165072747959,0.0957514957059761,0.918344137578218
5000,0.2,0.5,3,-0.1,-0.6,-0.9,0.1,-0.1,0.1,1,2,-2,1,1,1,0.6,-0.2,0.8,0.1,-0.3,1,2.37291313049516,0.0374893695115747,2.45841984544858,0.168374317981462,0.994708903606199,0.868340339000192,0.123148104173903,0.908847516381856
5000,0.2,0.5,3,-0.1,-0.6,-0.9,0.1,-0.1,0.1,1,2,-2,1,1,1,0.6,-0.2,0.8,0.1,-0.3,1,2.41026414115259,0.0484062843672809,2.54256288367569,0.222338748242449,0.999246673063662,0.858151504697613,0.11281126992341,0.912028157511208
5000,0.2,0.5,3,-0.1,-0.6,-0.9,0.1,-0.1,0.1,1,2,-2,1,1,1,0.6,-0.2,0.8,0.1,-0.3,1,2.2733315875876,0.0458109649678155,2.34843496066041,0.243190092003049,0.999224427467079,0.836567398729614,0.0921839615079079,0.930998103139413
5000,0.2,0.5,3,-0.1,-0.6,-0.9,0.1,-0.1,0.1,1,2,-2,1,1,1,0.6,-0.2,0.8,0.1,-0.3,1,2.30355130457321,0.041338093203838,2.65657712215833,0.203263054662039,0.999029654850606,0.826728031261512,0.110674872340594,0.893035745002807
5000,0.2,0.5,3,-0.1,-0.6,-0.9,0.1,-0.1,0.1,1,2,-2,1,1,1,0.6,-0.2,0.8,0.1,-0.3,1,2.65777192501131,0.0455639559433358,2.49387069745585,0.25563369943937,0.99982471944993,0.833573004415882,0.0999640582955937,0.925969142505295
5000,0.2,0.5,3,-0.1,-0.6,-0.9,0.1,-0.1,0.1,1,2,-2,1,1,1,0.6,-0.2,0.8,0.1,-0.3,1,2.52544344250406,0.0474465537022126,2.94491272932109,0.253084132069256,0.99913300418429,0.824245876468358,0.120405358299943,0.935761857623261
5000,0.2,0.5,3,-0.1,-0.6,-0.9,0.1,-0.1,0.1,1,2,-2,1,1,1,0.6,-0.2,0.8,0.1,-0.3,1,2.16785002585773,0.0461205787246579,2.20315279878097,0.206087620134194,0.999873775815947,0.840665343297753,0.104052887981796,0.919062370723334
5000,0.2,0.5,3,-0.1,-0.6,-0.9,0.1,-0.1,0.1,1,2,-2,1,1,1,0.6,-0.2,0.8,0.1,-0.3,1,2.38816985599594,0.0398145151059251,2.42726615952755,0.177305220700141,0.995568359338111,0.866370147362065,0.110508936452613,0.911619455379338
5000,0.2,0.5,3,-0.1,-0.6,-0.9,0.1,-0.1,0.1,1,2,-2,1,1,1,0.6,-0.2,0.8,0.1,-0.3,1,2.24935735028009,0.0431759895614264,2.3129601007838,0.189545399071821,0.998182484878954,0.855223404040566,0.12599534393891,0.916080239903266
5000,0.2,0.5,3,-0.1,-0.6,-0.9,0.1,-0.1,0.1,1,2,-2,1,1,1,0.6,-0.2,0.8,0.1,-0.3,1,2.45294052292075,0.0432737526686587,2.84720029988148,0.1919326502932,0.999832494445968,0.815323522655149,0.145213902033396,0.930418950178697
5000,0.2,0.5,3,-0.1,-0.6,-0.9,0.1,-0.1,0.1,1,2,-2,1,1,1,0.6,-0.2,0.8,0.1,-0.3,1,2.674647056247,0.0409105128422854,2.57283508554,0.175581412083992,0.999931555512751,0.83311217227798,0.0957230553890267,0.924321741874287
5000,0.2,0.5,3,-0.1,-0.6,-0.9,0.1,-0.1,0.1,1,2,-2,1,1,1,0.6,-0.2,0.8,0.1,-0.3,1,2.17696064809941,0.0533986429135952,2.26208507396867,0.290497935533782,0.999383717573816,0.848000121896722,0.123121677563315,0.912535758532611
5000,0.2,0.5,3,-0.1,-0.6,-0.9,0.1,-0.1,0.1,1,2,-2,1,1,1,0.6,-0.2,0.8,0.1,-0.3,1,2.67537412745008,0.0426359589837801,2.64075800985151,0.172532724144406,0.999693594686417,0.790547543483223,0.0959026120911822,0.921374807429525
5000,0.2,0.5,3,-0.1,-0.6,-0.9,0.1,-0.1,0.1,1,2,-2,1,1,1,0.6,-0.2,0.8,0.1,-0.3,1,2.3168884666641,0.0385494162191226,2.27309352335941,0.172257651538391,0.996800573745421,0.832629322514613,0.122073470014561,0.886473397826181
5000,0.2,0.5,3,-0.1,-0.6,-0.9,0.1,-0.1,0.1,1,2,-2,1,1,1,0.6,-0.2,0.8,0.1,-0.3,1,2.35323684570269,0.047256307806902,2.41816745152446,0.241746224826213,0.999002382047329,0.852957926039212,0.12952706020512,0.921885988238665
5000,0.2,0.5,3,-0.1,-0.6,-0.9,0.1,-0.1,0.1,1,2,-2,1,1,1,0.6,-0.2,0.8,0.1,-0.3,1,2.45481297144106,0.0427211206038906,2.28964876210455,0.174747425859918,0.999257035167748,0.84968053555424,0.0866330066212291,0.907354818942817
5000,0.2,0.5,3,-0.1,-0.6,-0.9,0.1,-0.1,0.1,1,2,-2,1,1,1,0.6,-0.2,0.8,0.1,-0.3,1,2.42921920731459,0.045466383925207,2.65693798303466,0.196020275964758,0.998685506965748,0.872427746460525,0.0944318743010672,0.936059048753929
5000,0.2,0.5,3,-0.1,-0.6,-0.9,0.1,-0.1,0.1,1,2,-2,1,1,1,0.6,-0.2,0.8,0.1,-0.3,1,2.21335807131211,0.0485900799518489,2.50036058117254,0.24404960240405,0.996218500289392,0.859812335740172,0.119649844733222,0.934164391596125
5000,0.2,0.5,3,-0.1,-0.6,-0.9,0.1,-0.1,0.1,1,2,-2,1,1,1,0.6,-0.2,0.8,0.1,-0.3,1,2.31455680553055,0.050200351940421,2.25665385412932,0.279613617246555,0.999617110262526,0.845358601856548,0.120203582844101,0.932328844136199
5000,0.2,0.5,3,-0.1,-0.6,-0.9,0.1,-0.1,0.1,1,2,-2,1,1,1,0.6,-0.2,0.8,0.1,-0.3,1,2.24129313468993,0.0467785825541507,2.63559577815308,0.246283163524064,0.999912575208424,0.848065298850591,0.137914100048692,0.956866309434288
5000,0.2,0.5,3,-0.1,-0.6,-0.9,0.1,-0.1,0.1,1,2,-2,1,1,1,0.6,-0.2,0.8,0.1,-0.3,1,2.35019735068193,0.0454739051687653,2.40132073771129,0.232537974154808,0.999647595306095,0.856117469752158,0.0899766291015824,0.921775764403385
5000,0.2,0.5,3,-0.1,-0.6,-0.9,0.1,-0.1,0.1,1,2,-2,1,1,1,0.6,-0.2,0.8,0.1,-0.3,1,1.93526923378778,0.0533721384961464,2.5656152297699,0.303267417190036,0.995530929200685,0.891063655140269,0.15290491629105,0.917724265528916
5000,0.2,0.5,3,-0.1,-0.6,-0.9,0.1,-0.1,0.1,1,2,-2,1,1,1,0.6,-0.2,0.8,0.1,-0.3,1,2.40412929842923,0.0557805275968569,3.14526756170858,0.341956644417915,0.99983309116832,0.870097421637702,0.140299366641317,0.914661005981679
5000,0.2,0.5,3,-0.1,-0.6,-0.9,0.1,-0.1,0.1,1,2,-2,1,1,1,0.6,-0.2,0.8,0.1,-0.3,1,2.45809838879748,0.0446636653691391,2.30864707931206,0.225091112555837,0.999791947444919,0.842728059833491,0.099822667573622,0.941739801629065
5000,0.2,0.5,3,-0.1,-0.6,-0.9,0.1,-0.1,0.1,1,2,-2,1,1,1,0.6,-0.2,0.8,0.1,-0.3,1,2.41745491126854,0.0415184526340711,2.72090226172231,0.187128608671947,0.999034233017258,0.893053875287789,0.108140542887987,0.928985295222108
5000,0.2,0.5,3,-0.1,-0.6,-0.9,0.1,-0.1,0.1,1,2,-2,1,1,1,0.6,-0.2,0.8,0.1,-0.3,1,2.2359875587274,0.0441150270844895,2.88100831909246,0.201570246479611,0.99853384470992,0.838579664835996,0.12781810537525,0.925785943726818
5000,0.2,0.5,3,-0.1,-0.6,-0.9,0.1,-0.1,0.1,1,2,-2,1,1,1,0.6,-0.2,0.8,0.1,-0.3,1,2.2983924037546,0.0458848735938787,2.40792723938373,0.224119458900744,0.999845768427349,0.850527205337932,0.123631682397513,0.942101624707401
5000,0.2,0.5,3,-0.1,-0.6,-0.9,0.1,-0.1,0.1,1,2,-2,1,1,1,0.6,-0.2,0.8,0.1,-0.3,1,2.37713062852791,0.0444054568024651,2.60150521381845,0.211101720641469,0.999609496527962,0.815328595674468,0.149180417211105,0.911134188021726
5000,0.2,0.5,3,-0.1,-0.6,-0.9,0.1,-0.1,0.1,1,2,-2,1,1,1,0.6,-0.2,0.8,0.1,-0.3,1,2.18439679063103,0.041966878262467,2.45135736736204,0.192250007972686,0.999354486752185,0.84937282671126,0.109407058797574,0.945755095438884
5000,0.2,0.5,3,-0.1,-0.6,-0.9,0.1,-0.1,0.1,1,2,-2,1,1,1,0.6,-0.2,0.8,0.1,-0.3,1,2.45049996584134,0.0434844836346289,2.38601828790879,0.197683743146653,0.999495190184602,0.869886911236373,0.126856028484047,0.926254008050418
5000,0.2,0.5,3,-0.1,-0.6,-0.9,0.1,-0.1,0.1,1,2,-2,1,1,1,0.6,-0.2,0.8,0.1,-0.3,1,2.43708505250095,0.0405421238018867,2.55944058835749,0.170148930490198,0.999413181047539,0.820152275376941,0.114833797826974,0.90783462366392
5000,0.2,0.5,3,-0.1,-0.6,-0.9,0.1,-0.1,0.1,1,2,-2,1,1,1,0.6,-0.2,0.8,0.1,-0.3,1,2.47284207889624,0.0493775517064045,2.42391068116681,0.243840071137191,0.998158115333686,0.877006816786535,0.130893269905489,0.913556696977076
5000,0.2,0.5,3,-0.1,-0.6,-0.9,0.1,-0.1,0.1,1,2,-2,1,1,1,0.6,-0.2,0.8,0.1,-0.3,1,2.27725376062793,0.0428331436020507,2.75078397208791,0.203392130782614,0.998189650769307,0.850116295872677,0.118686991088298,0.928508085566192
5000,0.2,0.5,3,-0.1,-0.6,-0.9,0.1,-0.1,0.1,1,2,-2,1,1,1,0.6,-0.2,0.8,0.1,-0.3,1,2.3367631173972,0.0430222216237296,2.35169341979882,0.225789916403566,0.995370785843562,0.8610726703494,0.0750248870127028,0.921994151455962
5000,0.2,0.5,3,-0.1,-0.6,-0.9,0.1,-0.1,0.1,1,2,-2,1,1,1,0.6,-0.2,0.8,0.1,-0.3,1,2.4906721108707,0.0423785048389655,2.31480481162678,0.204608014341235,0.996946975187146,0.784392383740727,0.108907488967623,0.926888152654954
5000,0.2,0.5,3,-0.1,-0.6,-0.9,0.1,-0.1,0.1,1,2,-2,1,1,1,0.6,-0.2,0.8,0.1,-0.3,1,2.43265863953018,0.0484621763695227,2.39330043999657,0.230201576893464,0.999920989387034,0.863865382446487,0.0882494164821184,0.929908112702454
5000,0.2,0.5,3,-0.1,-0.6,-0.9,0.1,-0.1,0.1,1,2,-2,1,1,1,0.6,-0.2,0.8,0.1,-0.3,1,2.34272457056714,0.042915041258801,2.56244246167931,0.174042317952013,0.999658870046011,0.847617922581097,0.109581449701783,0.91850160814717
5000,0.2,0.5,3,-0.1,-0.6,-0.9,0.1,-0.1,0.1,1,2,-2,1,1,1,0.6,-0.2,0.8,0.1,-0.3,1,2.38874383665393,0.0484757602716067,2.60363918012324,0.255523292760843,0.996032460280995,0.882266938012434,0.121835693396932,0.91317663601731
5000,0.2,0.5,3,-0.1,-0.6,-0.9,0.1,-0.1,0.1,1,2,-2,1,1,1,0.6,-0.2,0.8,0.1,-0.3,1,2.38148037051718,0.0498450340070133,2.58872483727181,0.21214832867228,0.99986146043718,0.852995000705208,0.0515484913485106,0.940429897334114
5000,0.2,0.5,3,-0.1,-0.6,-0.9,0.1,-0.1,0.1,1,2,-2,1,1,1,0.6,-0.2,0.8,0.1,-0.3,1,2.38132501222499,0.0439583893297903,2.61358703712089,0.207057251854812,0.998674865364623,0.849896834238143,0.111990531316817,0.920126952958468
5000,0.2,0.5,3,-0.1,-0.6,-0.9,0.1,-0.1,0.1,1,2,-2,1,1,1,0.6,-0.2,0.8,0.1,-0.3,1,2.45126857224132,0.0399591742509401,2.44582097836745,0.170215821436694,0.997019418678438,0.822418776843877,0.112224504371186,0.919666552099586
5000,0.2,0.5,3,-0.1,-0.6,-0.9,0.1,-0.1,0.1,1,2,-2,1,1,1,0.6,-0.2,0.8,0.1,-0.3,1,2.27830165365988,0.0617133619899027,2.71878412059937,0.3717650095312,0.999625335125437,0.877722403087693,0.100874014352661,0.915997359079913
5000,0.2,0.5,3,-0.1,-0.6,-0.9,0.1,-0.1,0.1,1,2,-2,1,1,1,0.6,-0.2,0.8,0.1,-0.3,1,2.48293170620128,0.0451135124305588,2.48833409261581,0.208074405502024,0.998166670194719,0.850807221405253,0.118659393116592,0.911546558665196
5000,0.2,0.5,3,-0.1,-0.6,-0.9,0.1,-0.1,0.1,1,2,-2,1,1,1,0.6,-0.2,0.8,0.1,-0.3,1,2.29868433927842,0.04902166988633,2.71346018263121,0.264788892573501,0.999571885279002,0.865826963769722,0.0940814316550822,0.910247631246895
5000,0.2,0.5,3,-0.1,-0.6,-0.9,0.1,-0.1,0.1,1,2,-2,1,1,1,0.6,-0.2,0.8,0.1,-0.3,1,2.33410476881828,0.0557388821514815,2.28525183600233,0.284308368697225,0.999927657649194,0.869316200842896,0.112946728799105,0.916636737949341
5000,0.2,0.5,3,-0.1,-0.6,-0.9,0.1,-0.1,0.1,1,2,-2,1,1,1,0.6,-0.2,0.8,0.1,-0.3,1,2.32584187275005,0.047253245082638,2.51229960781282,0.206742853830996,0.998506202284557,0.86188224336685,0.0728515175623051,0.936451572575872
5000,0.2,0.5,3,-0.1,-0.6,-0.9,0.1,-0.1,0.1,1,2,-2,1,1,1,0.6,-0.2,0.8,0.1,-0.3,1,2.43019706065505,0.0464723261345937,2.4289492849257,0.236326168543231,0.998421141095659,0.858879304663109,0.113523603252198,0.929191707320831
5000,0.2,0.5,3,-0.1,-0.6,-0.9,0.1,-0.1,0.1,1,2,-2,1,1,1,0.6,-0.2,0.8,0.1,-0.3,1,2.37622915209623,0.0414966839606699,2.48710863263566,0.183331266633881,0.999923425458957,0.824510599185432,0.118681165147324,0.941784154347912
5000,0.2,0.5,3,-0.1,-0.6,-0.9,0.1,-0.1,0.1,1,2,-2,1,1,1,0.6,-0.2,0.8,0.1,-0.3,1,2.38302475847465,0.0473579590616895,2.3585383131079,0.223407811923065,0.999731939013141,0.87672958904555,0.0764664207764059,0.943212373406975
5000,0.2,0.5,3,-0.1,-0.6,-0.9,0.1,-0.1,0.1,1,2,-2,1,1,1,0.6,-0.2,0.8,0.1,-0.3,1,2.45512354751973,0.0413592932361682,2.30082684019039,0.186214303541154,0.999728178588526,0.844813441278283,0.109012765722795,0.922435138662338
5000,0.2,0.5,3,-0.1,-0.6,-0.9,0.1,-0.1,0.1,1,2,-2,1,1,1,0.6,-0.2,0.8,0.1,-0.3,1,2.27241363052126,0.0448415325697658,2.93807113381871,0.267180094848509,0.99923066800042,0.872303534151214,0.122794237716286,0.926172074195199
5000,0.2,0.5,3,-0.1,-0.6,-0.9,0.1,-0.1,0.1,1,2,-2,1,1,1,0.6,-0.2,0.8,0.1,-0.3,1,2.20833005041981,0.0446228207789666,2.56812949771596,0.199403513797999,0.995753548360795,0.870380269667249,0.109610466873108,0.927878316114453
5000,0.2,0.5,3,-0.1,-0.6,-0.9,0.1,-0.1,0.1,1,2,-2,1,1,1,0.6,-0.2,0.8,0.1,-0.3,1,2.19083133449343,0.0497355677138449,2.40821183880135,0.235601630364469,0.999305794143977,0.846485104898643,0.113534197416704,0.922936876853748
5000,0.2,0.5,3,-0.1,-0.6,-0.9,0.1,-0.1,0.1,1,2,-2,1,1,1,0.6,-0.2,0.8,0.1,-0.3,1,2.39557373470639,0.0425486049052368,2.982740969671,0.188389225922569,0.999876183408867,0.84067368032674,0.103674731204396,0.931574451506411
5000,0.2,0.5,3,-0.1,-0.6,-0.9,0.1,-0.1,0.1,1,2,-2,1,1,1,0.6,-0.2,0.8,0.1,-0.3,1,2.30030221254196,0.0423286197248716,2.41847858740171,0.189058355901232,0.998983167219212,0.882660790528786,0.109909038405388,0.932376540344903
5000,0.2,0.5,3,-0.1,-0.6,-0.9,0.1,-0.1,0.1,1,2,-2,1,1,1,0.6,-0.2,0.8,0.1,-0.3,1,2.38147164132376,0.0425665349866761,2.45496484214998,0.200094680975807,0.999776760042,0.829258187610375,0.0871877081292531,0.903764930230516
5000,0.2,0.5,3,-0.1,-0.6,-0.9,0.1,-0.1,0.1,1,2,-2,1,1,1,0.6,-0.2,0.8,0.1,-0.3,1,2.18157045801898,0.0495036428468112,2.54968784723119,0.290654086091049,0.996578787189895,0.874326083323862,0.0755506069988804,0.945846867592438
5000,0.2,0.5,3,-0.1,-0.6,-0.9,0.1,-0.1,0.1,1,2,-2,1,1,1,0.6,-0.2,0.8,0.1,-0.3,1,2.46149630284682,0.0483717558373961,2.80445821049713,0.248487382771863,0.999725269002341,0.833742197167265,0.118880105679299,0.902536110271831
5000,0.2,0.5,3,-0.1,-0.6,-0.9,0.1,-0.1,0.1,1,2,-2,1,1,1,0.6,-0.2,0.8,0.1,-0.3,1,2.52635695256464,0.0469052568627152,2.54573222880977,0.24342471115516,0.999132292696539,0.900750175406884,0.0870712171036008,0.917492212319135
5000,0.2,0.5,3,-0.1,-0.6,-0.9,0.1,-0.1,0.1,1,2,-2,1,1,1,0.6,-0.2,0.8,0.1,-0.3,1,2.40201029048142,0.0399904800390065,2.32158896240049,0.168826711806885,0.999666896703675,0.838154250319546,0.128186051241964,0.906307093480506
5000,0.2,0.5,3,-0.1,-0.6,-0.9,0.1,-0.1,0.1,1,2,-2,1,1,1,0.6,-0.2,0.8,0.1,-0.3,1,2.30304700775684,0.051230663120635,2.46363591623538,0.262788095081488,0.999538029893722,0.863779140800861,0.0933228770554685,0.923054624437494
5000,0.2,0.5,3,-0.1,-0.6,-0.9,0.1,-0.1,0.1,1,2,-2,1,1,1,0.6,-0.2,0.8,0.1,-0.3,1,2.41799703931881,0.0539949659972016,2.42075849798722,0.271915019015383,0.99755929977423,0.900995386715056,0.0742421407615894,0.92861081795592
5000,0.2,0.5,3,-0.1,-0.6,-0.9,0.1,-0.1,0.1,1,2,-2,1,1,1,0.6,-0.2,0.8,0.1,-0.3,1,2.33184495637911,0.0401957672665746,2.68973527478882,0.186548379836,0.999590333166952,0.839665679731781,0.0969883962070395,0.923335065768183
5000,0.2,0.5,3,-0.1,-0.6,-0.9,0.1,-0.1,0.1,1,2,-2,1,1,1,0.6,-0.2,0.8,0.1,-0.3,1,2.50401511126422,0.0380774241285986,2.51291441447335,0.175724175482643,0.998237253340046,0.837196887906203,0.082723260748515,0.931342779470755
5000,0.2,0.5,3,-0.1,-0.6,-0.9,0.1,-0.1,0.1,1,2,-2,1,1,1,0.6,-0.2,0.8,0.1,-0.3,1,2.25640380957563,0.0412653778051544,2.5611105208911,0.19666791232385,0.999801254451769,0.840967668129581,0.0744312306790097,0.918348586445759
5000,0.2,0.5,3,-0.1,-0.6,-0.9,0.1,-0.1,0.1,1,2,-2,1,1,1,0.6,-0.2,0.8,0.1,-0.3,1,2.42407426621092,0.0476183024219611,2.68432889703118,0.209064427610663,0.997909640010045,0.875381442849008,0.112839906440572,0.935211945320367
5000,0.2,0.5,3,-0.1,-0.6,-0.9,0.1,-0.1,0.1,1,2,-2,1,1,1,0.6,-0.2,0.8,0.1,-0.3,1,2.50485697858399,0.0438619990204278,2.60308234635144,0.213268062895914,0.99726637996307,0.866304835450285,0.114754101154482,0.913849766000666
5000,0.2,0.5,3,-0.1,-0.6,-0.9,0.1,-0.1,0.1,1,2,-2,1,1,1,0.6,-0.2,0.8,0.1,-0.3,1,2.52328612124661,0.0479965830109097,2.88241551050478,0.2571985398938,0.998300324348121,0.866550813747603,0.122507417001089,0.916707553036576
5000,0.2,0.5,3,-0.1,-0.6,-0.9,0.1,-0.1,0.1,1,2,-2,1,1,1,0.6,-0.2,0.8,0.1,-0.3,1,2.42724378206239,0.0431124516424786,2.49489648057868,0.18706760203243,0.99900643139525,0.842633104141228,0.123367980152711,0.912340775005678
5000,0.2,0.5,3,-0.1,-0.6,-0.9,0.1,-0.1,0.1,1,2,-2,1,1,1,0.6,-0.2,0.8,0.1,-0.3,1,2.37752494606206,0.0500134173976049,2.57978629833163,0.231026515931368,0.99937487399132,0.872441735502646,0.0976964239327359,0.912941512939503
5000,0.2,0.5,3,-0.1,-0.6,-0.9,0.1,-0.1,0.1,1,2,-2,1,1,1,0.6,-0.2,0.8,0.1,-0.3,1,2.39023787919121,0.043118094672394,2.23171367720922,0.220781543148164,0.999792501393035,0.827751414013735,0.0854645750101225,0.915673071173925
5000,0.2,0.5,3,-0.1,-0.6,-0.9,0.1,-0.1,0.1,1,2,-2,1,1,1,0.6,-0.2,0.8,0.1,-0.3,1,2.57405013957882,0.0358659043000574,2.56076112352431,0.134184974889579,0.997469656574869,0.810466455312713,0.0855082211547609,0.923437073710033
5000,0.2,0.5,3,-0.1,-0.6,-0.9,0.1,-0.1,0.1,1,2,-2,1,1,1,0.6,-0.2,0.8,0.1,-0.3,1,2.3580360287779,0.0444225151220006,2.56068928114498,0.233739862577675,0.999676168535236,0.884473442296356,0.100601272663411,0.937442407692611
5000,0.2,0.5,3,-0.1,-0.6,-0.9,0.1,-0.1,0.1,1,2,-2,1,1,1,0.6,-0.2,0.8,0.1,-0.3,1,2.28908769885484,0.0505229030189298,2.79973625932355,0.253087037838827,0.999548210667792,0.881154315339064,0.0936300370778363,0.920682012368269
5000,0.2,0.5,3,-0.1,-0.6,-0.9,0.1,-0.1,0.1,1,2,-2,1,1,1,0.6,-0.2,0.8,0.1,-0.3,1,2.38459591307455,0.0404839361337018,2.33909526872328,0.180609991140008,0.99562662463084,0.848500928229781,0.103673491389378,0.928811255503897
5000,0.2,0.5,3,-0.1,-0.6,-0.9,0.1,-0.1,0.1,1,2,-2,1,1,1,0.6,-0.2,0.8,0.1,-0.3,1,2.29185371112792,0.0428943990842728,2.48021340010238,0.197751159852193,0.999223384621085,0.825138754737766,0.11740665914098,0.924177618226858
5000,0.2,0.5,3,-0.1,-0.6,-0.9,0.1,-0.1,0.1,1,2,-2,1,1,1,0.6,-0.2,0.8,0.1,-0.3,1,2.3599009342005,0.0439514229587016,2.99229830379709,0.227595927930494,0.999326544333814,0.823318687613665,0.113670188674424,0.932843706673756
5000,0.2,0.5,3,-0.1,-0.6,-0.9,0.1,-0.1,0.1,1,2,-2,1,1,1,0.6,-0.2,0.8,0.1,-0.3,1,2.49260625507386,0.0413549083461751,2.22978568561831,0.20632680227891,0.99816449582053,0.836368906321399,0.114074106084276,0.913524654750618
5000,0.2,0.5,3,-0.1,-0.6,-0.9,0.1,-0.1,0.1,1,2,-2,1,1,1,0.6,-0.2,0.8,0.1,-0.3,1,2.19324633850424,0.0438703673822231,2.28833362282083,0.196548958758185,0.998386751977578,0.843530949032528,0.0668085185807455,0.957318290078478
5000,0.2,0.5,3,-0.1,-0.6,-0.9,0.1,-0.1,0.1,1,2,-2,1,1,1,0.6,-0.2,0.8,0.1,-0.3,1,2.2580743803601,0.0503413080932535,2.34088956756195,0.227481159034007,0.999155241592235,0.844296501533158,0.0897634691690478,0.911950607097224
5000,0.2,0.5,3,-0.1,-0.6,-0.9,0.1,-0.1,0.1,1,2,-2,1,1,1,0.6,-0.2,0.8,0.1,-0.3,1,2.10873090325016,0.0437020645291955,2.57854339084521,0.193402701735383,0.999796644435872,0.866576432553339,0.0852471688575713,0.914555515228508
5000,0.2,0.5,3,-0.1,-0.6,-0.9,0.1,-0.1,0.1,1,2,-2,1,1,1,0.6,-0.2,0.8,0.1,-0.3,1,2.1897532603566,0.0560990523410239,1.81104246593028,0.362527889243899,0.999444251153304,0.872821718072291,0.116500390582108,0.907593507365248
5000,0.2,0.5,3,-0.1,-0.6,-0.9,0.1,-0.1,0.1,1,2,-2,1,1,1,0.6,-0.2,0.8,0.1,-0.3,1,2.34338614488509,0.0560030046991289,2.51654685852926,0.335307868870565,0.999688593923943,0.868927509493817,0.0818988797506191,0.940055093659116
5000,0.2,0.5,3,-0.1,-0.6,-0.9,0.1,-0.1,0.1,1,2,-2,1,1,1,0.6,-0.2,0.8,0.1,-0.3,1,2.45813325580659,0.052897461144745,2.47171034455225,0.22272105873532,0.998759201458494,0.871841851607071,0.0959465407516668,0.917678284450578
5000,0.2,0.5,3,-0.1,-0.6,-0.9,0.1,-0.1,0.1,1,2,-2,1,1,1,0.6,-0.2,0.8,0.1,-0.3,1,2.32431685074777,0.0548168828008616,2.3916504418343,0.328725009597844,0.995367582359565,0.8812372792033,0.124316227451761,0.906878249590799
5000,0.2,0.5,3,-0.1,-0.6,-0.9,0.1,-0.1,0.1,1,2,-2,1,1,1,0.6,-0.2,0.8,0.1,-0.3,1,2.1263146179945,0.0465760085955198,2.44741578257624,0.198836426023373,0.997968399776051,0.827343236903517,0.0695386948803315,0.934915271652058
5000,0.2,0.5,3,-0.1,-0.6,-0.9,0.1,-0.1,0.1,1,2,-2,1,1,1,0.6,-0.2,0.8,0.1,-0.3,1,2.60758367338902,0.0370373052853141,2.49502419512425,0.190303800962595,0.996439429612857,0.781121730049819,0.0779227967799968,0.920185818996871
5000,0.2,0.5,3,-0.1,-0.6,-0.9,0.1,-0.1,0.1,1,2,-2,1,1,1,0.6,-0.2,0.8,0.1,-0.3,1,2.24901912060855,0.0474903569961472,2.27193136766774,0.255401302974841,0.998566306809589,0.861690323105859,0.0916446906000594,0.937353530550657
5000,0.2,0.5,3,-0.1,-0.6,-0.9,0.1,-0.1,0.1,1,2,-2,1,1,1,0.6,-0.2,0.8,0.1,-0.3,1,2.3381125743228,0.0463906340734338,2.71686914276556,0.206896505099117,0.999696990521034,0.862241904493863,0.11271239782372,0.948119504069005
5000,0.2,0.5,3,-0.1,-0.6,-0.9,0.1,-0.1,0.1,1,2,-2,1,1,1,0.6,-0.2,0.8,0.1,-0.3,1,2.53002378696782,0.0452157230320802,2.47734937799026,0.20135568481555,0.99970990135276,0.83786257988608,0.125892795288272,0.901530984265543
5000,0.2,0.5,3,-0.1,-0.6,-0.9,0.1,-0.1,0.1,1,2,-2,1,1,1,0.6,-0.2,0.8,0.1,-0.3,1,2.38779550248135,0.0482629138617991,2.65109789401394,0.283927851724438,0.999712247737011,0.865449020178925,0.0962123036382138,0.929009897879477
5000,0.2,0.5,3,-0.1,-0.6,-0.9,0.1,-0.1,0.1,1,2,-2,1,1,1,0.6,-0.2,0.8,0.1,-0.3,1,2.47746336836683,0.0480721288597888,2.62003665785065,0.245249068472234,0.999854920211097,0.835627060084626,0.0869991075345896,0.913192576738113
5000,0.2,0.5,3,-0.1,-0.6,-0.9,0.1,-0.1,0.1,1,2,-2,1,1,1,0.6,-0.2,0.8,0.1,-0.3,1,2.37264456346408,0.0464450109676745,2.68239714997587,0.245206973339822,0.997330602393848,0.845025007795698,0.112087556511331,0.940544648643795
5000,0.2,0.5,3,-0.1,-0.6,-0.9,0.1,-0.1,0.1,1,2,-2,1,1,1,0.6,-0.2,0.8,0.1,-0.3,1,2.36020229316309,0.0399919538552018,2.55318899453524,0.17671326925759,0.998133405334477,0.874028226145452,0.104655457217311,0.917705677316918
5000,0.2,0.5,3,-0.1,-0.6,-0.9,0.1,-0.1,0.1,1,2,-2,1,1,1,0.6,-0.2,0.8,0.1,-0.3,1,2.49356230327589,0.0423239219660674,2.60060364060839,0.202114967982605,0.999573484720339,0.849746448994091,0.0680725523890944,0.944083932663978
5000,0.2,0.5,3,-0.1,-0.6,-0.9,0.1,-0.1,0.1,1,2,-2,1,1,1,0.6,-0.2,0.8,0.1,-0.3,1,2.48750150506527,0.0421861514200391,2.836042172412,0.182730763777708,0.999530361071272,0.8310320222262,0.123565779479772,0.949952875694803
5000,0.2,0.5,3,-0.1,-0.6,-0.9,0.1,-0.1,0.1,1,2,-2,1,1,1,0.6,-0.2,0.8,0.1,-0.3,1,2.34491548380463,0.0408041906159477,2.32458841703552,0.20142205624801,0.999568470544103,0.845015867418557,0.134874186510541,0.916950433384973
5000,0.2,0.5,3,-0.1,-0.6,-0.9,0.1,-0.1,0.1,1,2,-2,1,1,1,0.6,-0.2,0.8,0.1,-0.3,1,2.29973651673054,0.0427031392921793,2.54286775406516,0.160161922554644,0.999767175068848,0.858644394442042,0.104877635792256,0.916318375109464
5000,0.2,0.5,3,-0.1,-0.6,-0.9,0.1,-0.1,0.1,1,2,-2,1,1,1,0.6,-0.2,0.8,0.1,-0.3,1,2.23230443316571,0.0500011585620761,2.5609346618655,0.240953769997459,0.999564680730213,0.846317687238853,0.0905120876278573,0.924060200651677
5000,0.2,0.5,3,-0.1,-0.6,-0.9,0.1,-0.1,0.1,1,2,-2,1,1,1,0.6,-0.2,0.8,0.1,-0.3,1,2.35192735449326,0.04484256239517,2.18577749036147,0.238019212099753,0.998779076638822,0.867851004600529,0.124463554099646,0.904631569081864
5000,0.2,0.5,3,-0.1,-0.6,-0.9,0.1,-0.1,0.1,1,2,-2,1,1,1,0.6,-0.2,0.8,0.1,-0.3,1,2.27474075718686,0.03936878287081,2.54699245216119,0.1961386034554,0.998523031552074,0.85261552577789,0.0864861863929361,0.938682605629237
5000,0.2,0.5,3,-0.1,-0.6,-0.9,0.1,-0.1,0.1,1,2,-2,1,1,1,0.6,-0.2,0.8,0.1,-0.3,1,2.44837399408326,0.039870949816095,2.4335089186405,0.199059172247571,0.999538946735025,0.869384362956823,0.0806214145494257,0.931388586217192
5000,0.2,0.5,3,-0.1,-0.6,-0.9,0.1,-0.1,0.1,1,2,-2,1,1,1,0.6,-0.2,0.8,0.1,-0.3,1,2.38134031539079,0.0462398952187774,2.1838763971131,0.222234999282623,0.997305206332484,0.880840077151511,0.10694150799399,0.918148291730347
5000,0.2,0.5,3,-0.1,-0.6,-0.9,0.1,-0.1,0.1,1,2,-2,1,1,1,0.6,-0.2,0.8,0.1,-0.3,1,2.47199374759057,0.0358123775874015,2.55615983645251,0.147147129865004,0.998869112338584,0.843887652758796,0.148322117927494,0.905327865300274
5000,0.2,0.5,3,-0.1,-0.6,-0.9,0.1,-0.1,0.1,1,2,-2,1,1,1,0.6,-0.2,0.8,0.1,-0.3,1,2.45083858916866,0.0492740422631742,2.72341765983321,0.240290562521556,0.999084098428608,0.857962441372509,0.0986134471785341,0.934621182583974
5000,0.2,0.5,3,-0.1,-0.6,-0.9,0.1,-0.1,0.1,1,2,-2,1,1,1,0.6,-0.2,0.8,0.1,-0.3,1,2.56189937482294,0.0494479330428667,2.75759877514433,0.273754745377991,0.999182550215437,0.854038672054234,0.128443764070152,0.925293185340009
5000,0.2,0.5,3,-0.1,-0.6,-0.9,0.1,-0.1,0.1,1,2,-2,1,1,1,0.6,-0.2,0.8,0.1,-0.3,1,2.59037719097501,0.0374998130348116,2.33474916909851,0.187100272277166,0.996819259087263,0.858415628554852,0.0980277887917824,0.931880701201195
5000,0.2,0.5,3,-0.1,-0.6,-0.9,0.1,-0.1,0.1,1,2,-2,1,1,1,0.6,-0.2,0.8,0.1,-0.3,1,2.27817089998001,0.0442236891302362,2.36463666868765,0.240517725860429,0.999485258380367,0.826314662856263,0.0897586307875725,0.939320731779806
5000,0.2,0.5,3,-0.1,-0.6,-0.9,0.1,-0.1,0.1,1,2,-2,1,1,1,0.6,-0.2,0.8,0.1,-0.3,1,2.47913906850644,0.0455707072886221,2.8316034994917,0.193163281266581,0.999588714195766,0.869550322490567,0.109631306270224,0.92027793596964
5000,0.2,0.5,3,-0.1,-0.6,-0.9,0.1,-0.1,0.1,1,2,-2,1,1,1,0.6,-0.2,0.8,0.1,-0.3,1,2.30380006612305,0.0488082695937927,2.35182299885245,0.276903255497846,0.999853430837513,0.869048503783972,0.0792884426342414,0.946861738990563
5000,0.2,0.5,3,-0.1,-0.6,-0.9,0.1,-0.1,0.1,1,2,-2,1,1,1,0.6,-0.2,0.8,0.1,-0.3,1,2.32552225073583,0.048126535671755,2.71361634923637,0.202362028910012,0.999447172063488,0.88362290330476,0.0851161489649394,0.912121619642861
5000,0.2,0.5,3,-0.1,-0.6,-0.9,0.1,-0.1,0.1,1,2,-2,1,1,1,0.6,-0.2,0.8,0.1,-0.3,1,2.17624232646374,0.0530243578435427,2.17773158504013,0.282435634493606,0.998534324422956,0.859865623464224,0.0867417128117124,0.925014759396612
5000,0.2,0.5,3,-0.1,-0.6,-0.9,0.1,-0.1,0.1,1,2,-2,1,1,1,0.6,-0.2,0.8,0.1,-0.3,1,2.02280770585979,0.0545749671666155,2.54591819137487,0.256699094283735,0.998023479604901,0.841890533221897,0.11518294326762,0.931801057357023
5000,0.2,0.5,3,-0.1,-0.6,-0.9,0.1,-0.1,0.1,1,2,-2,1,1,1,0.6,-0.2,0.8,0.1,-0.3,1,2.43295506326142,0.037554184597949,2.2227536567308,0.165430460228408,0.999750179422244,0.8641321499051,0.123444778542376,0.938641139811112
5000,0.2,0.5,3,-0.1,-0.6,-0.9,0.1,-0.1,0.1,1,2,-2,1,1,1,0.6,-0.2,0.8,0.1,-0.3,1,2.25600588603599,0.0403323233288571,2.81172782406414,0.18833720062389,0.997095050286561,0.833062842550476,0.115801341091562,0.927980297747141
5000,0.2,0.5,3,-0.1,-0.6,-0.9,0.1,-0.1,0.1,1,2,-2,1,1,1,0.6,-0.2,0.8,0.1,-0.3,1,2.36840566879513,0.0603920816315717,2.39147431571802,0.331037340993325,0.999602883442265,0.8649954092433,0.103064733030364,0.932426518842466
5000,0.2,0.5,3,-0.1,-0.6,-0.9,0.1,-0.1,0.1,1,2,-2,1,1,1,0.6,-0.2,0.8,0.1,-0.3,1,2.26628326660552,0.0430713874065267,2.49857269780831,0.17019822179143,0.999119513346096,0.864887443840256,0.113767757715764,0.911989380645682
5000,0.2,0.5,3,-0.1,-0.6,-0.9,0.1,-0.1,0.1,1,2,-2,1,1,1,0.6,-0.2,0.8,0.1,-0.3,1,2.33461961227387,0.0409177000741488,2.38538754779575,0.185649305612542,0.999565066332277,0.842057483321183,0.0919481956269314,0.924203586211888
5000,0.2,0.5,3,-0.1,-0.6,-0.9,0.1,-0.1,0.1,1,2,-2,1,1,1,0.6,-0.2,0.8,0.1,-0.3,1,2.34564888239955,0.0477714840117504,2.73932850260599,0.216884951423338,0.998198513116819,0.822660071814817,0.118977654082149,0.914981950309559
5000,0.2,0.5,3,-0.1,-0.6,-0.9,0.1,-0.1,0.1,1,2,-2,1,1,1,0.6,-0.2,0.8,0.1,-0.3,1,2.45979114848268,0.0436611454623095,2.5799261565063,0.221802715524714,0.999608567961085,0.859553718411925,0.111889639537298,0.919102901433419
5000,0.2,0.5,3,-0.1,-0.6,-0.9,0.1,-0.1,0.1,1,2,-2,1,1,1,0.6,-0.2,0.8,0.1,-0.3,1,2.29158276553599,0.0485048934879129,2.54038079418521,0.238160087948282,0.997693418484479,0.857159918797231,0.098154996576867,0.912983141233164
5000,0.2,0.5,3,-0.1,-0.6,-0.9,0.1,-0.1,0.1,1,2,-2,1,1,1,0.6,-0.2,0.8,0.1,-0.3,1,2.36123883656116,0.0425229828155983,2.62407223814097,0.203249431068112,0.997822499999902,0.843908614592418,0.144774127271218,0.926255523593144
5000,0.2,0.5,3,-0.1,-0.6,-0.9,0.1,-0.1,0.1,1,2,-2,1,1,1,0.6,-0.2,0.8,0.1,-0.3,1,2.23443592060226,0.0419624509907104,2.32104453276092,0.199325651114245,0.999829456252562,0.859032206451827,0.0914646248572714,0.909803203683249
5000,0.2,0.5,3,-0.1,-0.6,-0.9,0.1,-0.1,0.1,1,2,-2,1,1,1,0.6,-0.2,0.8,0.1,-0.3,1,2.51767168531349,0.0405441564865347,2.45346800329863,0.186764000534036,0.999619018127712,0.860482488155234,0.0887974712375629,0.92217052637614
5000,0.2,0.5,3,-0.1,-0.6,-0.9,0.1,-0.1,0.1,1,2,-2,1,1,1,0.6,-0.2,0.8,0.1,-0.3,1,2.50227425833051,0.0512827191077734,2.6193011368332,0.278549902226049,0.999925668353493,0.869994039382158,0.094533379357252,0.912243673758872
5000,0.2,0.5,3,-0.1,-0.6,-0.9,0.1,-0.1,0.1,1,2,-2,1,1,1,0.6,-0.2,0.8,0.1,-0.3,1,2.46891514109545,0.0418254668144389,2.45498989084535,0.16351655821696,0.99994616857688,0.874687539633861,0.0814833037162673,0.920213736323129
5000,0.2,0.5,3,-0.1,-0.6,-0.9,0.1,-0.1,0.1,1,2,-2,1,1,1,0.6,-0.2,0.8,0.1,-0.3,1,2.24023262335552,0.0492425089944944,2.64262466313177,0.25535383282615,0.99948795350845,0.857783882400305,0.12250144224507,0.926620730652071
5000,0.2,0.5,3,-0.1,-0.6,-0.9,0.1,-0.1,0.1,1,2,-2,1,1,1,0.6,-0.2,0.8,0.1,-0.3,1,2.59600407488328,0.046772163724704,2.68037722570277,0.260189770533147,0.994685445565713,0.846733331934481,0.103778703663761,0.937861304277903
5000,0.2,0.5,3,-0.1,-0.6,-0.9,0.1,-0.1,0.1,1,2,-2,1,1,1,0.6,-0.2,0.8,0.1,-0.3,1,2.10576806494927,0.0481676478952103,2.47858081367591,0.236484780765639,0.996273851919432,0.834558384024049,0.0765600479759391,0.934964480141189
5000,0.2,0.5,3,-0.1,-0.6,-0.9,0.1,-0.1,0.1,1,2,-2,1,1,1,0.6,-0.2,0.8,0.1,-0.3,1,2.30897093098164,0.0432329170486155,2.52679084564482,0.209560356780451,0.998620840669868,0.824848357675633,0.0833186653856549,0.928311829741286
5000,0.2,0.5,3,-0.1,-0.6,-0.9,0.1,-0.1,0.1,1,2,-2,1,1,1,0.6,-0.2,0.8,0.1,-0.3,1,2.67538152746249,0.0422245411969094,2.21566458752994,0.213767597653311,0.999813537694481,0.858249328514925,0.120006668525403,0.905286300430312
5000,0.2,0.5,3,-0.1,-0.6,-0.9,0.1,-0.1,0.1,1,2,-2,1,1,1,0.6,-0.2,0.8,0.1,-0.3,1,2.47610018920736,0.0384687405071912,2.45366422626636,0.159041526345988,0.999775479189969,0.851641085132124,0.119612794129462,0.951428833372079
5000,0.2,0.5,3,-0.1,-0.6,-0.9,0.1,-0.1,0.1,1,2,-2,1,1,1,0.6,-0.2,0.8,0.1,-0.3,1,2.40883224128907,0.0447446285593533,2.36351873937144,0.219883673757898,0.998221030700504,0.831276977900963,0.0892134458361555,0.933884597433136
5000,0.2,0.5,3,-0.1,-0.6,-0.9,0.1,-0.1,0.1,1,2,-2,1,1,1,0.6,-0.2,0.8,0.1,-0.3,1,2.29406552710577,0.0383703780677721,2.37288835516172,0.15850528602322,0.994563655839628,0.866417069080713,0.129275551729043,0.926441761411567
5000,0.2,0.5,3,-0.1,-0.6,-0.9,0.1,-0.1,0.1,1,2,-2,1,1,1,0.6,-0.2,0.8,0.1,-0.3,1,2.37828277294383,0.0433201069744974,2.77984712269523,0.220846403716936,0.99963431081719,0.832749174045374,0.105139324192466,0.925553024222447
5000,0.2,0.5,3,-0.1,-0.6,-0.9,0.1,-0.1,0.1,1,2,-2,1,1,1,0.6,-0.2,0.8,0.1,-0.3,1,2.25824937118251,0.0444060469383475,2.35343182193572,0.211240145395226,0.996805898654306,0.857907965553479,0.0912438700090737,0.936299548802989
5000,0.2,0.5,3,-0.1,-0.6,-0.9,0.1,-0.1,0.1,1,2,-2,1,1,1,0.6,-0.2,0.8,0.1,-0.3,1,2.40965695896923,0.0429788796411944,2.27285270946141,0.208492913420569,0.996339393518758,0.839567477653499,0.122223127446212,0.936121053514898
5000,0.2,0.5,3,-0.1,-0.6,-0.9,0.1,-0.1,0.1,1,2,-2,1,1,1,0.6,-0.2,0.8,0.1,-0.3,1,2.38542338873184,0.0413816497574831,2.47367726655033,0.164638546575448,0.999864898877226,0.905088355657442,0.115393252987616,0.903741178430918
5000,0.2,0.5,3,-0.1,-0.6,-0.9,0.1,-0.1,0.1,1,2,-2,1,1,1,0.6,-0.2,0.8,0.1,-0.3,1,2.59195139095982,0.0448420633357672,2.42737518046421,0.214410218528657,0.999797535438603,0.859514439373782,0.0847123755713316,0.94446681553436
5000,0.2,0.5,3,-0.1,-0.6,-0.9,0.1,-0.1,0.1,1,2,-2,1,1,1,0.6,-0.2,0.8,0.1,-0.3,1,2.20010938460832,0.0435436773605077,2.4329320335032,0.198009409530885,0.999489489232879,0.848289426298857,0.0891768957811892,0.92606211592925
5000,0.2,0.5,3,-0.1,-0.6,-0.9,0.1,-0.1,0.1,1,2,-2,1,1,1,0.6,-0.2,0.8,0.1,-0.3,1,2.48074854807152,0.0454276456485142,2.57241792111853,0.232415445857302,0.999937700341285,0.849442574639218,0.0852384145180027,0.909047973590862
5000,0.2,0.5,3,-0.1,-0.6,-0.9,0.1,-0.1,0.1,1,2,-2,1,1,1,0.6,-0.2,0.8,0.1,-0.3,1,2.56529312720461,0.0419423236193558,2.55372517801961,0.202237356436929,0.997516789624294,0.885216062781919,0.119945875154291,0.93671757684369
5000,0.2,0.5,3,-0.1,-0.6,-0.9,0.1,-0.1,0.1,1,2,-2,1,1,1,0.6,-0.2,0.8,0.1,-0.3,1,2.34052578171861,0.0447826713967551,2.64432342802634,0.220952453272354,0.999974929207653,0.865899152020469,0.0804758363409157,0.924187734857742
5000,0.2,0.5,3,-0.1,-0.6,-0.9,0.1,-0.1,0.1,1,2,-2,1,1,1,0.6,-0.2,0.8,0.1,-0.3,1,2.24803320801827,0.0454946946552409,2.24561534302951,0.252396810012377,0.999123044698936,0.85839505733716,0.122936852065069,0.928295337644614
5000,0.2,0.5,3,-0.1,-0.6,-0.9,0.1,-0.1,0.1,1,2,-2,1,1,1,0.6,-0.2,0.8,0.1,-0.3,1,2.41202249669796,0.0487785481617146,2.33677929521451,0.240497056476815,0.998164530129659,0.866294698734199,0.0976620967252416,0.925296014942501
5000,0.2,0.5,3,-0.1,-0.6,-0.9,0.1,-0.1,0.1,1,2,-2,1,1,1,0.6,-0.2,0.8,0.1,-0.3,1,2.29733335615309,0.0491169270163592,2.4817577358622,0.244636236203641,0.996198150084204,0.876397190118392,0.138361533362639,0.927194450393214
5000,0.2,0.5,3,-0.1,-0.6,-0.9,0.1,-0.1,0.1,1,2,-2,1,1,1,0.6,-0.2,0.8,0.1,-0.3,1,2.30691726928314,0.0462858798765151,2.64331282468507,0.217824585744694,0.999339075726163,0.845055246862581,0.12866287760328,0.923550664977227
5000,0.2,0.5,3,-0.1,-0.6,-0.9,0.1,-0.1,0.1,1,2,-2,1,1,1,0.6,-0.2,0.8,0.1,-0.3,1,2.29329816765134,0.0412277936496659,2.39101340063725,0.188452381730555,0.999301052717436,0.844488328608958,0.130309470464757,0.927411881054119
