"n","omega","rho","rho_s","p","delta1","delta2","delta3","nu1","nu2","nu3","beta1","beta2","beta3","gamma1","gamma2","gamma3","eta1","eta2","eta3","eta4","eta5","tau","sl.lib","plugin","pluginse","onestep","onestepse","plugin_adapt","pluginse_adapt","onestep_adapt","onestepse_adapt"
1000,0.2,0.1,0.05,3,-0.1,-0.6,-0.9,0.1,-0.1,0.1,1,2,-2,1,1,1,0.6,-0.2,0.8,0.1,-0.3,1,"SL.earth",-0.112808031327937,0.184523824205371,1.19355697839133,1.13035721249454,2.40012005358264,0.122910960212992,1.74568695489436,1.92347040715721
1000,0.2,0.1,0.05,3,-0.1,-0.6,-0.9,0.1,-0.1,0.1,1,2,-2,1,1,1,0.6,-0.2,0.8,0.1,-0.3,1,"SL.earth",2.30591314955327,0.0897962205440501,4.28659543333611,1.14715204829726,2.45429455720151,0.0925689670802894,4.66972947325204,1.20658369729794
1000,0.2,0.1,0.05,3,-0.1,-0.6,-0.9,0.1,-0.1,0.1,1,2,-2,1,1,1,0.6,-0.2,0.8,0.1,-0.3,1,"SL.earth",1.02710245914545,0.0481107029268277,1.62302735734397,0.587483255186003,3.89064129249141,0.305648856364707,4.79252314462356,3.31116323238124
1000,0.2,0.1,0.05,3,-0.1,-0.6,-0.9,0.1,-0.1,0.1,1,2,-2,1,1,1,0.6,-0.2,0.8,0.1,-0.3,1,"SL.earth",1.67837516345202,0.107158367076234,0.221335900818512,1.84712358179215,2.51407162307357,0.12455078488949,4.18176582762555,1.70762707867204
1000,0.2,0.1,0.05,3,-0.1,-0.6,-0.9,0.1,-0.1,0.1,1,2,-2,1,1,1,0.6,-0.2,0.8,0.1,-0.3,1,"SL.earth",-0.15557717247321,0.0633500373822011,0.254926062572083,1.37259528004274,1.76884238054912,0.103675284040982,5.69027869662549,3.30174306932472
1000,0.2,0.2,0.1,3,-0.1,-0.6,-0.9,0.1,-0.1,0.1,1,2,-2,1,1,1,0.6,-0.2,0.8,0.1,-0.3,1,"SL.earth",-0.216791387296617,0.158299810041373,0.172946889550745,1.11645659460422,1.39126183391779,0.126922871085696,4.02656183583484,1.27387090010308
1000,0.2,0.2,0.1,3,-0.1,-0.6,-0.9,0.1,-0.1,0.1,1,2,-2,1,1,1,0.6,-0.2,0.8,0.1,-0.3,1,"SL.earth",0.760075351679519,0.103405297600458,-0.251337510226309,1.12122929190456,2.42922475902591,0.178219323344668,1.67941519683341,2.87648060091596
1000,0.2,0.2,0.1,3,-0.1,-0.6,-0.9,0.1,-0.1,0.1,1,2,-2,1,1,1,0.6,-0.2,0.8,0.1,-0.3,1,"SL.earth",2.11566403992659,0.1165387282951,0.043674306384898,2.1631467776635,2.85086648346339,0.134468319990855,3.27198564609576,1.82357812272262
1000,0.2,0.2,0.1,3,-0.1,-0.6,-0.9,0.1,-0.1,0.1,1,2,-2,1,1,1,0.6,-0.2,0.8,0.1,-0.3,1,"SL.earth",3.30863602921002,0.108886685256027,3.2576675113987,1.51530853753768,2.13267133105809,0.096775640354619,2.62506081303978,1.47655076730903
1000,0.2,0.2,0.1,3,-0.1,-0.6,-0.9,0.1,-0.1,0.1,1,2,-2,1,1,1,0.6,-0.2,0.8,0.1,-0.3,1,"SL.earth",1.47598255193254,0.104823875959676,4.58966641962272,2.71305840937401,1.29733124075008,0.110824250591873,3.70523776175034,1.64397651643999
1000,0.2,0.3,0.15,3,-0.1,-0.6,-0.9,0.1,-0.1,0.1,1,2,-2,1,1,1,0.6,-0.2,0.8,0.1,-0.3,1,"SL.earth",2.64475568899497,0.155792439496459,2.57245503128974,1.82892565316894,3.3094692037112,0.153997357236133,3.12742302063399,1.70622461102513
1000,0.2,0.3,0.15,3,-0.1,-0.6,-0.9,0.1,-0.1,0.1,1,2,-2,1,1,1,0.6,-0.2,0.8,0.1,-0.3,1,"SL.earth",1.92761980640175,0.164546706496325,2.19853409553303,1.29810714157761,1.97895580572186,0.19352213304612,5.01332172701895,1.8291462893591
1000,0.2,0.3,0.15,3,-0.1,-0.6,-0.9,0.1,-0.1,0.1,1,2,-2,1,1,1,0.6,-0.2,0.8,0.1,-0.3,1,"SL.earth",2.32856361143534,0.140402437033915,3.77606025457328,0.898613677022628,2.71466625780824,0.13740516774461,1.66457267251621,2.99173054612828
1000,0.2,0.3,0.15,3,-0.1,-0.6,-0.9,0.1,-0.1,0.1,1,2,-2,1,1,1,0.6,-0.2,0.8,0.1,-0.3,1,"SL.earth",1.02022440637785,0.0674001013958582,0.970854468234949,1.00236190534747,1.92540113564357,0.0785285509847069,1.67334950271375,2.14310470445636
1000,0.2,0.3,0.15,3,-0.1,-0.6,-0.9,0.1,-0.1,0.1,1,2,-2,1,1,1,0.6,-0.2,0.8,0.1,-0.3,1,"SL.earth",3.56267531631652,0.155850340686651,1.14301062451431,1.70781880877476,2.6048068033986,0.103976762280413,2.59316862277369,1.14044154255375
1000,0.2,0.4,0.2,3,-0.1,-0.6,-0.9,0.1,-0.1,0.1,1,2,-2,1,1,1,0.6,-0.2,0.8,0.1,-0.3,1,"SL.earth",1.00987573946222,0.113295311082885,0.385628165714028,0.943118783132982,0.828200823064564,0.108480557252004,2.37026225080435,1.05624024210675
1000,0.2,0.4,0.2,3,-0.1,-0.6,-0.9,0.1,-0.1,0.1,1,2,-2,1,1,1,0.6,-0.2,0.8,0.1,-0.3,1,"SL.earth",2.98853746896364,0.1369003473616,2.2327027687788,1.17714455824314,3.56594397186376,0.132768441046375,2.95249816145962,1.22685564922073
1000,0.2,0.4,0.2,3,-0.1,-0.6,-0.9,0.1,-0.1,0.1,1,2,-2,1,1,1,0.6,-0.2,0.8,0.1,-0.3,1,"SL.earth",2.99490061042598,0.133144320400865,2.86454923024658,1.22725347497087,2.54044931863633,0.112982809117506,3.14745923717801,1.31668026573564
1000,0.2,0.4,0.2,3,-0.1,-0.6,-0.9,0.1,-0.1,0.1,1,2,-2,1,1,1,0.6,-0.2,0.8,0.1,-0.3,1,"SL.earth",3.40855441673826,0.170566126137332,6.80118228246266,2.17855994754835,1.26708448756841,0.219674658142069,2.84298574772596,1.29488262235213
1000,0.2,0.4,0.2,3,-0.1,-0.6,-0.9,0.1,-0.1,0.1,1,2,-2,1,1,1,0.6,-0.2,0.8,0.1,-0.3,1,"SL.earth",3.26239573847408,0.170092479405386,3.61022772121823,1.31123885848032,1.82516906005123,0.0845824371536476,2.6864166048237,1.6754576201592
1000,0.2,0.5,0.25,3,-0.1,-0.6,-0.9,0.1,-0.1,0.1,1,2,-2,1,1,1,0.6,-0.2,0.8,0.1,-0.3,1,"SL.earth",2.15399146943242,0.148382734002744,1.43681254954252,1.10849076041029,1.03037112235826,0.117281013084828,0.944602072001281,1.72631666063838
1000,0.2,0.5,0.25,3,-0.1,-0.6,-0.9,0.1,-0.1,0.1,1,2,-2,1,1,1,0.6,-0.2,0.8,0.1,-0.3,1,"SL.earth",0.709503659596997,0.0958960818752949,2.41790556280686,2.18454265338466,1.31330593625929,0.123123092281777,3.38522027964284,0.85976521687815
1000,0.2,0.5,0.25,3,-0.1,-0.6,-0.9,0.1,-0.1,0.1,1,2,-2,1,1,1,0.6,-0.2,0.8,0.1,-0.3,1,"SL.earth",1.14632945517522,0.150485712761777,2.21073592334408,1.12087030580313,1.62150414358289,0.186961942263309,4.02504588567825,1.38659298390154
1000,0.2,0.5,0.25,3,-0.1,-0.6,-0.9,0.1,-0.1,0.1,1,2,-2,1,1,1,0.6,-0.2,0.8,0.1,-0.3,1,"SL.earth",1.03834697653363,0.165509048474359,-0.0943451839488259,0.988337304155651,1.4780102168135,0.158707417826507,3.73803870363515,1.3491019182556
1000,0.2,0.5,0.25,3,-0.1,-0.6,-0.9,0.1,-0.1,0.1,1,2,-2,1,1,1,0.6,-0.2,0.8,0.1,-0.3,1,"SL.earth",2.71751816030467,0.133088782459834,1.20286186365999,3.49728723578029,3.14685628917158,0.108243532034159,3.83203905928029,1.59988957569764
2500,0.2,0.1,0.05,3,-0.1,-0.6,-0.9,0.1,-0.1,0.1,1,2,-2,1,1,1,0.6,-0.2,0.8,0.1,-0.3,1,"SL.earth",1.93926579532943,0.0689243751030115,3.18399250597962,1.11716467755987,1.29566265708064,0.0446060789648627,3.33376460997585,1.41911088162608
2500,0.2,0.1,0.05,3,-0.1,-0.6,-0.9,0.1,-0.1,0.1,1,2,-2,1,1,1,0.6,-0.2,0.8,0.1,-0.3,1,"SL.earth",0.0616957708633241,0.0472399945368826,0.997611605553584,1.78776964746308,1.82458519470694,0.123881382902746,3.76669925151488,2.72154213584351
2500,0.2,0.1,0.05,3,-0.1,-0.6,-0.9,0.1,-0.1,0.1,1,2,-2,1,1,1,0.6,-0.2,0.8,0.1,-0.3,1,"SL.earth",1.08092138324923,0.0431752776788224,1.3548740502167,0.941454273633992,2.00132260709278,0.0593378867858806,3.9518904292835,1.4672952937028
2500,0.2,0.1,0.05,3,-0.1,-0.6,-0.9,0.1,-0.1,0.1,1,2,-2,1,1,1,0.6,-0.2,0.8,0.1,-0.3,1,"SL.earth",3.19394726871339,0.094031945710185,3.21845455384951,1.13798014868602,3.6081547674333,0.101784536277949,2.72766798473268,2.20895053768492
2500,0.2,0.1,0.05,3,-0.1,-0.6,-0.9,0.1,-0.1,0.1,1,2,-2,1,1,1,0.6,-0.2,0.8,0.1,-0.3,1,"SL.earth",2.47781404064368,0.0781120896179239,4.92998043671406,1.78547746780135,1.77986663073513,0.0677891863425421,2.40985639678866,1.01638815126606
2500,0.2,0.2,0.1,3,-0.1,-0.6,-0.9,0.1,-0.1,0.1,1,2,-2,1,1,1,0.6,-0.2,0.8,0.1,-0.3,1,"SL.earth",3.34846998365352,0.0892234159912017,3.31899149813711,0.895947851356842,1.30800598916672,0.0545474465053531,1.6036408408528,1.48898957641975
2500,0.2,0.2,0.1,3,-0.1,-0.6,-0.9,0.1,-0.1,0.1,1,2,-2,1,1,1,0.6,-0.2,0.8,0.1,-0.3,1,"SL.earth",2.51711539985661,0.0905310806188294,2.09708038038752,0.663545383138667,0.716867760152647,0.0816324681719038,1.86271414301041,1.33327995692675
2500,0.2,0.2,0.1,3,-0.1,-0.6,-0.9,0.1,-0.1,0.1,1,2,-2,1,1,1,0.6,-0.2,0.8,0.1,-0.3,1,"SL.earth",2.31734339384711,0.0643145136866767,1.60768087439794,0.991478265395671,2.01073784020582,0.0717529387542258,3.30837069320729,1.14089732405904
2500,0.2,0.2,0.1,3,-0.1,-0.6,-0.9,0.1,-0.1,0.1,1,2,-2,1,1,1,0.6,-0.2,0.8,0.1,-0.3,1,"SL.earth",3.61037432728588,0.0978112079823566,1.47770721070376,1.43146556074694,2.63458271034726,0.0857295413015783,3.39783945282916,0.801238367993678
2500,0.2,0.2,0.1,3,-0.1,-0.6,-0.9,0.1,-0.1,0.1,1,2,-2,1,1,1,0.6,-0.2,0.8,0.1,-0.3,1,"SL.earth",1.20643339298982,0.120960062113878,-0.269878824444919,1.49770334011726,1.23594543602736,0.147389955733916,-1.18770709265116,2.83985328980839
2500,0.2,0.3,0.15,3,-0.1,-0.6,-0.9,0.1,-0.1,0.1,1,2,-2,1,1,1,0.6,-0.2,0.8,0.1,-0.3,1,"SL.earth",3.05511745348687,0.133722314467332,4.62445020207028,1.1713011886299,2.05305970393281,0.103056873541695,1.78475217406569,0.923537832178076
2500,0.2,0.3,0.15,3,-0.1,-0.6,-0.9,0.1,-0.1,0.1,1,2,-2,1,1,1,0.6,-0.2,0.8,0.1,-0.3,1,"SL.earth",2.44843480292726,0.0748412408197011,3.17270517942324,0.617470950257159,2.30555856862715,0.0545405869878068,2.93494522250758,0.999103398486237
2500,0.2,0.3,0.15,3,-0.1,-0.6,-0.9,0.1,-0.1,0.1,1,2,-2,1,1,1,0.6,-0.2,0.8,0.1,-0.3,1,"SL.earth",3.07796097907817,0.0734307390741057,2.50289032296509,1.33081280585562,1.89713653450386,0.0549931453676317,2.160101929438,0.893207107041195
2500,0.2,0.3,0.15,3,-0.1,-0.6,-0.9,0.1,-0.1,0.1,1,2,-2,1,1,1,0.6,-0.2,0.8,0.1,-0.3,1,"SL.earth",2.21735728430932,0.069536534872042,2.49654064301695,0.617437726990404,1.38689614125507,0.0641359445249702,1.9071485563882,1.16382423486409
2500,0.2,0.3,0.15,3,-0.1,-0.6,-0.9,0.1,-0.1,0.1,1,2,-2,1,1,1,0.6,-0.2,0.8,0.1,-0.3,1,"SL.earth",3.73430341077502,0.066567326564957,3.26636933084389,0.484282792533653,2.08751889237334,0.0561063872532521,2.6719978798426,0.823926668598286
2500,0.2,0.4,0.2,3,-0.1,-0.6,-0.9,0.1,-0.1,0.1,1,2,-2,1,1,1,0.6,-0.2,0.8,0.1,-0.3,1,"SL.earth",2.39313862845227,0.0881496890215585,2.27420729695405,1.08144948017259,2.13521192534964,0.11136239603605,2.83306680158089,1.88468606025795
2500,0.2,0.4,0.2,3,-0.1,-0.6,-0.9,0.1,-0.1,0.1,1,2,-2,1,1,1,0.6,-0.2,0.8,0.1,-0.3,1,"SL.earth",1.57593623731005,0.0464934160154881,3.15887283410695,1.04751380944088,1.66217645954313,0.0699204156965911,1.59842921206868,1.00330872999661
2500,0.2,0.4,0.2,3,-0.1,-0.6,-0.9,0.1,-0.1,0.1,1,2,-2,1,1,1,0.6,-0.2,0.8,0.1,-0.3,1,"SL.earth",3.83151236931714,0.0788179036970779,4.83473973984424,0.499817946456956,1.75512523974296,0.0625814139527822,1.24096204615542,1.26437779349377
2500,0.2,0.4,0.2,3,-0.1,-0.6,-0.9,0.1,-0.1,0.1,1,2,-2,1,1,1,0.6,-0.2,0.8,0.1,-0.3,1,"SL.earth",2.93060094804056,0.0777313528345435,2.26804757468461,0.602167822617493,1.85178168308772,0.0622362765169894,2.52895783474943,0.812948126638722
2500,0.2,0.4,0.2,3,-0.1,-0.6,-0.9,0.1,-0.1,0.1,1,2,-2,1,1,1,0.6,-0.2,0.8,0.1,-0.3,1,"SL.earth",2.42494427745543,0.067419566074242,2.32575955352352,1.06844360172591,2.42452495273362,0.0619274400676852,3.46250616760454,0.712953202434696
2500,0.2,0.5,0.25,3,-0.1,-0.6,-0.9,0.1,-0.1,0.1,1,2,-2,1,1,1,0.6,-0.2,0.8,0.1,-0.3,1,"SL.earth",1.64987217540725,0.0603154386300909,2.22782744565986,0.692816534908917,1.84593223515334,0.0637312760827787,1.87636309884861,0.904160032488552
2500,0.2,0.5,0.25,3,-0.1,-0.6,-0.9,0.1,-0.1,0.1,1,2,-2,1,1,1,0.6,-0.2,0.8,0.1,-0.3,1,"SL.earth",2.72563421137841,0.0833510215954516,4.41544569505757,1.35908605696367,2.14774865252021,0.084636675863733,1.92797382774683,0.930837116039777
2500,0.2,0.5,0.25,3,-0.1,-0.6,-0.9,0.1,-0.1,0.1,1,2,-2,1,1,1,0.6,-0.2,0.8,0.1,-0.3,1,"SL.earth",3.90460912118923,0.0970239323042599,4.33035454673091,0.828977848700172,2.20621567978868,0.0771942933063661,2.45720443035702,0.949147924038871
2500,0.2,0.5,0.25,3,-0.1,-0.6,-0.9,0.1,-0.1,0.1,1,2,-2,1,1,1,0.6,-0.2,0.8,0.1,-0.3,1,"SL.earth",2.63679504282289,0.0801714063790012,3.07845762830126,0.680488386985447,1.72186395665602,0.0702689421003578,0.7969994553207,0.9929566482134
2500,0.2,0.5,0.25,3,-0.1,-0.6,-0.9,0.1,-0.1,0.1,1,2,-2,1,1,1,0.6,-0.2,0.8,0.1,-0.3,1,"SL.earth",2.10591541472639,0.0565798324984368,1.89384079467524,0.68109037428952,2.12718770480663,0.0600952528628322,2.61245260118761,1.09230046349385
5000,0.2,0.1,0.05,3,-0.1,-0.6,-0.9,0.1,-0.1,0.1,1,2,-2,1,1,1,0.6,-0.2,0.8,0.1,-0.3,1,"SL.earth",1.67145162225081,0.0482697207754417,1.90471000671622,0.825085263828926,1.55073539874599,0.0405487731492402,1.22044890061874,1.71100310469072
5000,0.2,0.1,0.05,3,-0.1,-0.6,-0.9,0.1,-0.1,0.1,1,2,-2,1,1,1,0.6,-0.2,0.8,0.1,-0.3,1,"SL.earth",1.92228233224919,0.0369910814361287,3.03907269081898,1.58096630545898,1.93793133514892,0.05024793408855,2.41158720403032,1.12332863727367
5000,0.2,0.1,0.05,3,-0.1,-0.6,-0.9,0.1,-0.1,0.1,1,2,-2,1,1,1,0.6,-0.2,0.8,0.1,-0.3,1,"SL.earth",2.63355020964771,0.0422314576616186,3.97824543230668,0.662080104495799,1.65091989562968,0.0343794981244673,4.45935839173224,1.0290824266663
5000,0.2,0.1,0.05,3,-0.1,-0.6,-0.9,0.1,-0.1,0.1,1,2,-2,1,1,1,0.6,-0.2,0.8,0.1,-0.3,1,"SL.earth",3.39552407837736,0.063612964674011,4.55032683822293,1.68977346249219,2.96824095000947,0.0522480501282283,2.98793373993053,1.28439087569635
5000,0.2,0.1,0.05,3,-0.1,-0.6,-0.9,0.1,-0.1,0.1,1,2,-2,1,1,1,0.6,-0.2,0.8,0.1,-0.3,1,"SL.earth",1.95343344039042,0.0519984372091766,0.998266079846018,1.68732771020672,3.2547133466837,0.0666109126527616,3.56128279356632,1.23958400060623
5000,0.2,0.2,0.1,3,-0.1,-0.6,-0.9,0.1,-0.1,0.1,1,2,-2,1,1,1,0.6,-0.2,0.8,0.1,-0.3,1,"SL.earth",3.00748673339806,0.0700954915259101,2.33755644367618,1.10924018809272,2.2090486178399,0.0658037920121357,5.407712265914,1.12393385499701
5000,0.2,0.2,0.1,3,-0.1,-0.6,-0.9,0.1,-0.1,0.1,1,2,-2,1,1,1,0.6,-0.2,0.8,0.1,-0.3,1,"SL.earth",3.92189399668956,0.0626926271415039,5.45766265982205,1.04840930814971,1.89607895043183,0.0442264057034131,3.69522620444439,0.630015852781797
5000,0.2,0.2,0.1,3,-0.1,-0.6,-0.9,0.1,-0.1,0.1,1,2,-2,1,1,1,0.6,-0.2,0.8,0.1,-0.3,1,"SL.earth",3.14709164975248,0.0475256705971682,4.37365701588999,0.975659627016589,1.96785731209813,0.0422638574758419,4.16190117143476,0.934011438147092
5000,0.2,0.2,0.1,3,-0.1,-0.6,-0.9,0.1,-0.1,0.1,1,2,-2,1,1,1,0.6,-0.2,0.8,0.1,-0.3,1,"SL.earth",1.20945851994654,0.0360519894961131,0.959807155506561,0.726147012760187,2.50444426143825,0.0483306749280187,3.29212243089396,0.845557812743677
5000,0.2,0.2,0.1,3,-0.1,-0.6,-0.9,0.1,-0.1,0.1,1,2,-2,1,1,1,0.6,-0.2,0.8,0.1,-0.3,1,"SL.earth",2.02412268666336,0.0380056435586936,1.13550566481821,0.698312166453779,1.13001744827946,0.0257087219152626,2.00898066404732,0.628658384537041
5000,0.2,0.3,0.15,3,-0.1,-0.6,-0.9,0.1,-0.1,0.1,1,2,-2,1,1,1,0.6,-0.2,0.8,0.1,-0.3,1,"SL.earth",2.68905333867129,0.0506262214999412,3.76859881197989,1.15481745877417,1.79543149433116,0.0362548265145742,2.48970595536274,0.731429422321114
5000,0.2,0.3,0.15,3,-0.1,-0.6,-0.9,0.1,-0.1,0.1,1,2,-2,1,1,1,0.6,-0.2,0.8,0.1,-0.3,1,"SL.earth",2.99769873321157,0.0411458384365243,1.94651316246382,0.736314258008565,2.03037071023368,0.0459241092468844,2.21158618712094,0.883665358684563
5000,0.2,0.3,0.15,3,-0.1,-0.6,-0.9,0.1,-0.1,0.1,1,2,-2,1,1,1,0.6,-0.2,0.8,0.1,-0.3,1,"SL.earth",2.80416998768443,0.0558984028606895,2.3358701849321,1.00425027444649,1.90421092129791,0.0450873455133179,3.2301404299612,0.731150746444456
5000,0.2,0.3,0.15,3,-0.1,-0.6,-0.9,0.1,-0.1,0.1,1,2,-2,1,1,1,0.6,-0.2,0.8,0.1,-0.3,1,"SL.earth",2.94835849342144,0.0357926957931977,2.14446563634975,0.642813676724729,2.06990465902582,0.0323148802795206,2.65242173372821,0.688542938503289
5000,0.2,0.3,0.15,3,-0.1,-0.6,-0.9,0.1,-0.1,0.1,1,2,-2,1,1,1,0.6,-0.2,0.8,0.1,-0.3,1,"SL.earth",2.22830121922886,0.0476510669905671,2.27984800276365,0.727580996915808,1.87070772683659,0.0365980017888244,3.03769845028981,0.687744157588897
5000,0.2,0.4,0.2,3,-0.1,-0.6,-0.9,0.1,-0.1,0.1,1,2,-2,1,1,1,0.6,-0.2,0.8,0.1,-0.3,1,"SL.earth",2.64259433190729,0.0481885029552331,3.04466049155202,0.544770407402496,2.69681879246351,0.0479155730508778,2.72460887158686,0.558442813122879
5000,0.2,0.4,0.2,3,-0.1,-0.6,-0.9,0.1,-0.1,0.1,1,2,-2,1,1,1,0.6,-0.2,0.8,0.1,-0.3,1,"SL.earth",3.05759966641513,0.0540426444244547,3.07683581596391,1.02623727457777,2.34135378320887,0.0478808853360419,2.72070253237413,0.613792471871686
5000,0.2,0.4,0.2,3,-0.1,-0.6,-0.9,0.1,-0.1,0.1,1,2,-2,1,1,1,0.6,-0.2,0.8,0.1,-0.3,1,"SL.earth",2.38779041186189,0.0458231818241671,2.90114866333606,0.463664073393656,1.6827192471293,0.0443442707882529,3.24140435553802,0.763213747519789
5000,0.2,0.4,0.2,3,-0.1,-0.6,-0.9,0.1,-0.1,0.1,1,2,-2,1,1,1,0.6,-0.2,0.8,0.1,-0.3,1,"SL.earth",2.04390268563766,0.0467171522970519,1.22832729419773,0.71192461392434,1.58596655817425,0.0429137405675477,2.12500101639504,0.561336457150728
5000,0.2,0.4,0.2,3,-0.1,-0.6,-0.9,0.1,-0.1,0.1,1,2,-2,1,1,1,0.6,-0.2,0.8,0.1,-0.3,1,"SL.earth",2.58479954128591,0.0422101016150102,3.77839753848206,0.813300134962763,2.08743342475035,0.034885324908348,2.60529821426199,0.660921522054389
5000,0.2,0.5,0.25,3,-0.1,-0.6,-0.9,0.1,-0.1,0.1,1,2,-2,1,1,1,0.6,-0.2,0.8,0.1,-0.3,1,"SL.earth",3.01162999927235,0.050181048533413,2.0916771722214,0.549141702109118,2.31940516541762,0.0505932545361648,1.8634265034657,0.85150888684394
5000,0.2,0.5,0.25,3,-0.1,-0.6,-0.9,0.1,-0.1,0.1,1,2,-2,1,1,1,0.6,-0.2,0.8,0.1,-0.3,1,"SL.earth",2.95466621203441,0.0544878742054381,2.88762959752607,0.574246150144466,2.36012675190074,0.0464199905970219,2.77241790212906,0.465006647772936
5000,0.2,0.5,0.25,3,-0.1,-0.6,-0.9,0.1,-0.1,0.1,1,2,-2,1,1,1,0.6,-0.2,0.8,0.1,-0.3,1,"SL.earth",3.2789684745595,0.0541287016936332,2.57682869590078,0.598481180934141,2.32132914293493,0.0480170146773305,2.86701376832419,0.60010245487439
5000,0.2,0.5,0.25,3,-0.1,-0.6,-0.9,0.1,-0.1,0.1,1,2,-2,1,1,1,0.6,-0.2,0.8,0.1,-0.3,1,"SL.earth",3.36143426468667,0.0466585619998378,4.07958008087678,0.451901436932968,2.03157865911781,0.0718479257215851,3.12288772945915,0.584907749593951
5000,0.2,0.5,0.25,3,-0.1,-0.6,-0.9,0.1,-0.1,0.1,1,2,-2,1,1,1,0.6,-0.2,0.8,0.1,-0.3,1,"SL.earth",2.90219826369991,0.0502947802264137,2.54353672650724,0.435020872954394,2.09740948221666,0.0472758561742823,2.41678625549026,0.588545259196374
1000,0.2,0.1,0.05,3,-0.1,-0.6,-0.9,0.1,-0.1,0.1,1,2,-2,1,1,1,0.6,-0.2,0.8,0.1,-0.3,1,"SL.earth",4.19188571628879,0.134000402825363,-0.566535692425356,5.38040458956425,0.846510993070664,0.109374232798909,1.15959009745298,1.63493182431887
1000,0.2,0.1,0.05,3,-0.1,-0.6,-0.9,0.1,-0.1,0.1,1,2,-2,1,1,1,0.6,-0.2,0.8,0.1,-0.3,1,"SL.earth",0.930298591478096,0.1640214770411,2.91347668293798,1.46141886532713,3.77930644320562,0.190503516536365,5.10118687408449,2.06467351210116
1000,0.2,0.1,0.05,3,-0.1,-0.6,-0.9,0.1,-0.1,0.1,1,2,-2,1,1,1,0.6,-0.2,0.8,0.1,-0.3,1,"SL.earth",0.364206647920263,1.15997352181632,-3.68875333316327,5.75534748791711,2.32580880443575,0.160354991413327,2.42757435944618,1.82370457704678
1000,0.2,0.1,0.05,3,-0.1,-0.6,-0.9,0.1,-0.1,0.1,1,2,-2,1,1,1,0.6,-0.2,0.8,0.1,-0.3,1,"SL.earth",3.08133592839484,0.242578195128222,3.75073707000771,0.943432767186441,1.68861293464147,0.23550246076888,2.99390487167208,1.5384780365996
1000,0.2,0.1,0.05,3,-0.1,-0.6,-0.9,0.1,-0.1,0.1,1,2,-2,1,1,1,0.6,-0.2,0.8,0.1,-0.3,1,"SL.earth",0.00965726372244324,0.0770420334023842,1.75821552530175,1.20669046425098,3.29718343591215,0.0707405333845261,4.84526815290163,1.27775909391178
1000,0.2,0.2,0.1,3,-0.1,-0.6,-0.9,0.1,-0.1,0.1,1,2,-2,1,1,1,0.6,-0.2,0.8,0.1,-0.3,1,"SL.earth",2.81596087672415,0.149385117668374,0.532991229656393,2.66117874637492,2.08907701604236,0.305832554895832,1.76117354639939,1.21936070993413
1000,0.2,0.2,0.1,3,-0.1,-0.6,-0.9,0.1,-0.1,0.1,1,2,-2,1,1,1,0.6,-0.2,0.8,0.1,-0.3,1,"SL.earth",0.235927984204752,0.106981429234235,1.67020529080264,1.69706976650068,1.15536608473687,0.18182689049789,0.730380873460015,1.267339569889
1000,0.2,0.2,0.1,3,-0.1,-0.6,-0.9,0.1,-0.1,0.1,1,2,-2,1,1,1,0.6,-0.2,0.8,0.1,-0.3,1,"SL.earth",4.00506280799755,0.14860405924334,4.34654428950531,1.64890240518801,2.27528264679724,0.13762896293689,4.72020895419943,1.15318451484165
1000,0.2,0.2,0.1,3,-0.1,-0.6,-0.9,0.1,-0.1,0.1,1,2,-2,1,1,1,0.6,-0.2,0.8,0.1,-0.3,1,"SL.earth",3.35163555624076,0.173063424394127,-0.461598177489848,4.23211935182325,1.59589635854713,0.165652557471181,-0.263957680085709,3.06605544015964
1000,0.2,0.2,0.1,3,-0.1,-0.6,-0.9,0.1,-0.1,0.1,1,2,-2,1,1,1,0.6,-0.2,0.8,0.1,-0.3,1,"SL.earth",3.19602774530746,0.167553575648091,2.08048131228832,1.19908270591978,2.22313588388374,0.145970584390377,5.02513489220331,1.74565274547157
1000,0.2,0.3,0.15,3,-0.1,-0.6,-0.9,0.1,-0.1,0.1,1,2,-2,1,1,1,0.6,-0.2,0.8,0.1,-0.3,1,"SL.earth",0.0143422494100325,0.0659044136754348,0.988679453933774,0.740225624191263,0.407549366253443,0.117406762755845,4.11957506939512,1.6442255110674
1000,0.2,0.3,0.15,3,-0.1,-0.6,-0.9,0.1,-0.1,0.1,1,2,-2,1,1,1,0.6,-0.2,0.8,0.1,-0.3,1,"SL.earth",1.76498228657928,0.219773127491317,2.85036810510198,0.705304950833469,1.62213740034995,0.20237408970892,4.12983461685943,2.16757650732147
1000,0.2,0.3,0.15,3,-0.1,-0.6,-0.9,0.1,-0.1,0.1,1,2,-2,1,1,1,0.6,-0.2,0.8,0.1,-0.3,1,"SL.earth",3.20411750486715,0.206971485653918,4.44993412432704,1.9719515073984,3.3608627700994,0.20960610129839,2.92603798425412,1.98073215375203
1000,0.2,0.3,0.15,3,-0.1,-0.6,-0.9,0.1,-0.1,0.1,1,2,-2,1,1,1,0.6,-0.2,0.8,0.1,-0.3,1,"SL.earth",2.89528601975744,0.143390961173987,2.44665508265961,1.06661551448747,3.06077596277012,0.126038420572073,3.04946412862773,1.89928206765946
1000,0.2,0.3,0.15,3,-0.1,-0.6,-0.9,0.1,-0.1,0.1,1,2,-2,1,1,1,0.6,-0.2,0.8,0.1,-0.3,1,"SL.earth",3.82379595507914,0.170055806103388,4.30954612839963,0.583237073385862,1.63279882246655,0.120095069589234,1.92950620718124,1.01469748336723
1000,0.2,0.4,0.2,3,-0.1,-0.6,-0.9,0.1,-0.1,0.1,1,2,-2,1,1,1,0.6,-0.2,0.8,0.1,-0.3,1,"SL.earth",1.93091744188186,0.182815405614792,1.71947330611903,1.33473293494469,2.83439226015773,0.176321531702831,1.58744502744366,1.62658124654808
1000,0.2,0.4,0.2,3,-0.1,-0.6,-0.9,0.1,-0.1,0.1,1,2,-2,1,1,1,0.6,-0.2,0.8,0.1,-0.3,1,"SL.earth",2.42154917884428,0.12324791206945,4.04739370718938,1.28473863025684,2.50609498722721,0.117796983388167,1.36424174169136,1.03593731666614
1000,0.2,0.4,0.2,3,-0.1,-0.6,-0.9,0.1,-0.1,0.1,1,2,-2,1,1,1,0.6,-0.2,0.8,0.1,-0.3,1,"SL.earth",1.74136116103086,0.161090785614479,0.0149924145478673,1.85957164412229,2.42453756467115,0.192157737121425,-1.18163116854134,3.54068492013617
1000,0.2,0.4,0.2,3,-0.1,-0.6,-0.9,0.1,-0.1,0.1,1,2,-2,1,1,1,0.6,-0.2,0.8,0.1,-0.3,1,"SL.earth",2.66012572273724,0.14618476270411,3.34548284624208,0.64688628572225,1.66214838191217,0.102897666070657,1.62907334732853,1.39872207435606
1000,0.2,0.4,0.2,3,-0.1,-0.6,-0.9,0.1,-0.1,0.1,1,2,-2,1,1,1,0.6,-0.2,0.8,0.1,-0.3,1,"SL.earth",2.75369988389423,0.143304160307766,1.88685898093615,1.51550253943002,3.26336545350045,0.237143190234838,5.48425860115164,1.14428371984398
1000,0.2,0.5,0.25,3,-0.1,-0.6,-0.9,0.1,-0.1,0.1,1,2,-2,1,1,1,0.6,-0.2,0.8,0.1,-0.3,1,"SL.earth",2.11546070344282,0.116122945116992,2.76905745759091,2.4238450345464,2.00394610997282,0.131331837066199,2.99460388218446,0.903531235509013
1000,0.2,0.5,0.25,3,-0.1,-0.6,-0.9,0.1,-0.1,0.1,1,2,-2,1,1,1,0.6,-0.2,0.8,0.1,-0.3,1,"SL.earth",3.02832955012698,0.124166471660476,3.04644548738307,1.2942966714886,2.47353298565409,0.147426383323031,2.10546425878441,1.38650584422801
1000,0.2,0.5,0.25,3,-0.1,-0.6,-0.9,0.1,-0.1,0.1,1,2,-2,1,1,1,0.6,-0.2,0.8,0.1,-0.3,1,"SL.earth",2.74292161013807,0.148427954267547,1.90395550032665,0.87899302304862,2.74666929253497,0.166968333463957,4.22376023411171,0.862378164058525
1000,0.2,0.5,0.25,3,-0.1,-0.6,-0.9,0.1,-0.1,0.1,1,2,-2,1,1,1,0.6,-0.2,0.8,0.1,-0.3,1,"SL.earth",1.73135530315166,0.117421779774425,2.40597097691557,1.26013494235678,1.45433085266443,0.163934377406138,-1.22904806802343,1.82326103130777
1000,0.2,0.5,0.25,3,-0.1,-0.6,-0.9,0.1,-0.1,0.1,1,2,-2,1,1,1,0.6,-0.2,0.8,0.1,-0.3,1,"SL.earth",1.63787794156696,0.110859618929435,2.12311661718535,0.653735553885281,1.95716912524194,0.11639675041115,2.85971596367346,1.12330561294076
2500,0.2,0.1,0.05,3,-0.1,-0.6,-0.9,0.1,-0.1,0.1,1,2,-2,1,1,1,0.6,-0.2,0.8,0.1,-0.3,1,"SL.earth",1.34723158515484,0.0710802146389263,0.622047055716561,1.43738523349954,0.52664340793424,0.0430196089421082,0.185683171793121,1.9976472783693
2500,0.2,0.1,0.05,3,-0.1,-0.6,-0.9,0.1,-0.1,0.1,1,2,-2,1,1,1,0.6,-0.2,0.8,0.1,-0.3,1,"SL.earth",1.84570566734111,0.0533342680392108,1.73470536687212,0.927901841642725,0.0293128222467802,0.0307203255786881,-0.553370423375371,1.68697353430555
2500,0.2,0.1,0.05,3,-0.1,-0.6,-0.9,0.1,-0.1,0.1,1,2,-2,1,1,1,0.6,-0.2,0.8,0.1,-0.3,1,"SL.earth",1.97065146356687,0.0588483397123093,4.33464881430538,1.04768105775048,2.57687888639929,0.0579620870233521,3.40854081672144,1.37555592450438
2500,0.2,0.1,0.05,3,-0.1,-0.6,-0.9,0.1,-0.1,0.1,1,2,-2,1,1,1,0.6,-0.2,0.8,0.1,-0.3,1,"SL.earth",2.33060123978559,0.0552370698927284,4.24460155723171,2.38136918359756,1.1306443554345,0.0473253656017224,3.77042639104419,1.33680640999914
2500,0.2,0.1,0.05,3,-0.1,-0.6,-0.9,0.1,-0.1,0.1,1,2,-2,1,1,1,0.6,-0.2,0.8,0.1,-0.3,1,"SL.earth",1.78336185246205,0.0696655646553556,3.64556329153565,1.07835243712915,1.7461939670175,0.0644171460210454,0.392011662560643,1.47291365639503
2500,0.2,0.2,0.1,3,-0.1,-0.6,-0.9,0.1,-0.1,0.1,1,2,-2,1,1,1,0.6,-0.2,0.8,0.1,-0.3,1,"SL.earth",2.61781356509137,0.0873161097283536,1.87844172566943,0.789459085475231,2.27995630594764,0.0990001504326304,3.51289600794656,0.974721285666007
2500,0.2,0.2,0.1,3,-0.1,-0.6,-0.9,0.1,-0.1,0.1,1,2,-2,1,1,1,0.6,-0.2,0.8,0.1,-0.3,1,"SL.earth",1.99629250860217,0.0443163751046047,2.36252846028094,0.553151969575558,2.00440273375267,0.0435656835393478,2.75307157360903,1.31983068726592
2500,0.2,0.2,0.1,3,-0.1,-0.6,-0.9,0.1,-0.1,0.1,1,2,-2,1,1,1,0.6,-0.2,0.8,0.1,-0.3,1,"SL.earth",1.9479984377673,0.0541403102019921,-0.219902875744696,1.96415296059431,0.870941578379307,0.0421925669122162,-0.41311128098769,2.08292495485503
2500,0.2,0.2,0.1,3,-0.1,-0.6,-0.9,0.1,-0.1,0.1,1,2,-2,1,1,1,0.6,-0.2,0.8,0.1,-0.3,1,"SL.earth",1.89658968574625,0.0549591132451087,2.97464338746915,0.945794018339038,2.50986048723825,0.0677149167039875,2.87095923225149,1.28676302536824
2500,0.2,0.2,0.1,3,-0.1,-0.6,-0.9,0.1,-0.1,0.1,1,2,-2,1,1,1,0.6,-0.2,0.8,0.1,-0.3,1,"SL.earth",3.49760875420684,0.101447943108232,4.80161823100549,0.985279558509725,2.05220464617992,0.077676988164863,1.58294310691201,1.17001604034997
2500,0.2,0.3,0.15,3,-0.1,-0.6,-0.9,0.1,-0.1,0.1,1,2,-2,1,1,1,0.6,-0.2,0.8,0.1,-0.3,1,"SL.earth",2.19013747696617,0.0787306610381012,2.7554941252914,0.645554030719444,2.06805531630933,0.0784500468724208,2.5727817464392,0.99454139214399
2500,0.2,0.3,0.15,3,-0.1,-0.6,-0.9,0.1,-0.1,0.1,1,2,-2,1,1,1,0.6,-0.2,0.8,0.1,-0.3,1,"SL.earth",3.42857814354531,0.0841391584976858,3.30850538219298,1.74544404456902,1.77965028811305,0.0710158648762892,3.57306891919734,0.924158806416689
2500,0.2,0.3,0.15,3,-0.1,-0.6,-0.9,0.1,-0.1,0.1,1,2,-2,1,1,1,0.6,-0.2,0.8,0.1,-0.3,1,"SL.earth",4.28360541820953,0.092739078820215,3.93372545276921,0.544094185325107,2.65716702594953,0.0729669663004339,2.76422514888323,1.35105767750167
2500,0.2,0.3,0.15,3,-0.1,-0.6,-0.9,0.1,-0.1,0.1,1,2,-2,1,1,1,0.6,-0.2,0.8,0.1,-0.3,1,"SL.earth",2.47975747923674,0.0798580737565107,1.54257592924046,0.918319219465011,2.42611659356558,0.0725169073921613,2.59236201795565,1.11239364792666
2500,0.2,0.3,0.15,3,-0.1,-0.6,-0.9,0.1,-0.1,0.1,1,2,-2,1,1,1,0.6,-0.2,0.8,0.1,-0.3,1,"SL.earth",2.56880575177609,0.0749573379414993,2.55616073386956,0.660812036860653,2.02535136714852,0.0584888134061271,2.18958610002634,0.990154087810416
2500,0.2,0.4,0.2,3,-0.1,-0.6,-0.9,0.1,-0.1,0.1,1,2,-2,1,1,1,0.6,-0.2,0.8,0.1,-0.3,1,"SL.earth",2.92351834821529,0.0811281511106799,3.54343798436041,0.721685559532567,2.64118709890176,0.0677940198117322,3.09299144876969,0.886898004049849
2500,0.2,0.4,0.2,3,-0.1,-0.6,-0.9,0.1,-0.1,0.1,1,2,-2,1,1,1,0.6,-0.2,0.8,0.1,-0.3,1,"SL.earth",2.31279284018034,0.116364159132587,1.04458765109292,1.05537979913751,2.12008453256296,0.105341452031595,1.91756231847065,1.50825612412125
2500,0.2,0.4,0.2,3,-0.1,-0.6,-0.9,0.1,-0.1,0.1,1,2,-2,1,1,1,0.6,-0.2,0.8,0.1,-0.3,1,"SL.earth",2.9924032390377,0.093152323070417,2.83278664429795,1.02634762722058,1.94240789807427,0.0553023440853399,2.99949270357329,0.761006828095086
2500,0.2,0.4,0.2,3,-0.1,-0.6,-0.9,0.1,-0.1,0.1,1,2,-2,1,1,1,0.6,-0.2,0.8,0.1,-0.3,1,"SL.earth",2.56403428573419,0.0797805130651699,3.00141504510602,0.956784204351167,2.02470157521214,0.0659212885451656,3.37718411457262,0.781201757360334
2500,0.2,0.4,0.2,3,-0.1,-0.6,-0.9,0.1,-0.1,0.1,1,2,-2,1,1,1,0.6,-0.2,0.8,0.1,-0.3,1,"SL.earth",2.20769213917449,0.066399158074548,1.72070536349729,1.03272399576342,2.32328474374662,0.0843321787333236,3.28053056066546,0.934753903170399
2500,0.2,0.5,0.25,3,-0.1,-0.6,-0.9,0.1,-0.1,0.1,1,2,-2,1,1,1,0.6,-0.2,0.8,0.1,-0.3,1,"SL.earth",2.19094259085651,0.0682196902995956,1.84614023814035,0.611861300612684,1.58093166454562,0.0601181255341057,2.04463169951283,0.843186811054431
2500,0.2,0.5,0.25,3,-0.1,-0.6,-0.9,0.1,-0.1,0.1,1,2,-2,1,1,1,0.6,-0.2,0.8,0.1,-0.3,1,"SL.earth",1.88379321775621,0.055070997980893,2.34365997507459,1.16363282505546,1.54978859860655,0.0479752462200687,2.96334034622577,1.05390603902244
2500,0.2,0.5,0.25,3,-0.1,-0.6,-0.9,0.1,-0.1,0.1,1,2,-2,1,1,1,0.6,-0.2,0.8,0.1,-0.3,1,"SL.earth",3.16768510490476,0.118047902978486,2.9496286215624,0.94047456695839,2.40079401080581,0.12498069563012,1.07146855864119,1.35355153238026
2500,0.2,0.5,0.25,3,-0.1,-0.6,-0.9,0.1,-0.1,0.1,1,2,-2,1,1,1,0.6,-0.2,0.8,0.1,-0.3,1,"SL.earth",2.75182881418136,0.0834062811919861,2.78264343194169,0.652629056615254,2.02617376684779,0.0984603771011668,1.3475624298277,1.52011018801653
2500,0.2,0.5,0.25,3,-0.1,-0.6,-0.9,0.1,-0.1,0.1,1,2,-2,1,1,1,0.6,-0.2,0.8,0.1,-0.3,1,"SL.earth",2.64924019109061,0.0711962559611104,1.70973824111252,0.637557372726306,2.42981740161456,0.0704199690265221,2.16843611796349,0.815594121089115
5000,0.2,0.1,0.05,3,-0.1,-0.6,-0.9,0.1,-0.1,0.1,1,2,-2,1,1,1,0.6,-0.2,0.8,0.1,-0.3,1,"SL.earth",4.15417474587097,0.0605480636532858,5.0739429301822,0.717765196094553,1.77141709852412,0.0404727209181767,1.50985188622174,0.995204201488511
5000,0.2,0.1,0.05,3,-0.1,-0.6,-0.9,0.1,-0.1,0.1,1,2,-2,1,1,1,0.6,-0.2,0.8,0.1,-0.3,1,"SL.earth",2.23253165181391,0.0417588486744556,1.59817151184291,1.0126646190841,2.37234701450047,0.0788726445677338,3.45638855091413,1.06774897393568
5000,0.2,0.1,0.05,3,-0.1,-0.6,-0.9,0.1,-0.1,0.1,1,2,-2,1,1,1,0.6,-0.2,0.8,0.1,-0.3,1,"SL.earth",3.4874467176277,0.0521088524442597,4.77432904359685,1.05658520057444,2.03432915828862,0.0547080345860656,3.35227108110139,1.17644990781238
5000,0.2,0.1,0.05,3,-0.1,-0.6,-0.9,0.1,-0.1,0.1,1,2,-2,1,1,1,0.6,-0.2,0.8,0.1,-0.3,1,"SL.earth",2.17896185891455,0.0307212370326316,2.21625965944968,1.22372114909834,2.05881744198713,0.0334643642599442,0.629046753281189,1.52168714877423
5000,0.2,0.1,0.05,3,-0.1,-0.6,-0.9,0.1,-0.1,0.1,1,2,-2,1,1,1,0.6,-0.2,0.8,0.1,-0.3,1,"SL.earth",3.73535889059483,0.0497856600372788,4.53691923787376,0.599927866766677,2.48644332929168,0.0457894128207202,3.70937166203975,1.05722183736623
5000,0.2,0.2,0.1,3,-0.1,-0.6,-0.9,0.1,-0.1,0.1,1,2,-2,1,1,1,0.6,-0.2,0.8,0.1,-0.3,1,"SL.earth",2.1918472795751,0.0394382086614702,1.85004893577596,0.755314451700059,1.33508225744214,0.0265186005767968,2.44653345907495,0.842692291704107
5000,0.2,0.2,0.1,3,-0.1,-0.6,-0.9,0.1,-0.1,0.1,1,2,-2,1,1,1,0.6,-0.2,0.8,0.1,-0.3,1,"SL.earth",3.07598832963976,0.0442815487156093,3.23259575209457,1.06571372229456,1.84221258364402,0.0407473611096347,2.09799658001404,0.901279407576869
5000,0.2,0.2,0.1,3,-0.1,-0.6,-0.9,0.1,-0.1,0.1,1,2,-2,1,1,1,0.6,-0.2,0.8,0.1,-0.3,1,"SL.earth",1.79253120012017,0.0476349322813725,0.500263189554597,0.740088712107721,2.43187404034649,0.0522826961644333,3.2942532594036,0.761920282884899
5000,0.2,0.2,0.1,3,-0.1,-0.6,-0.9,0.1,-0.1,0.1,1,2,-2,1,1,1,0.6,-0.2,0.8,0.1,-0.3,1,"SL.earth",2.56457525044402,0.0471541172117352,1.16265038957028,0.908236644709876,2.18606647934163,0.0508046366480783,3.05561847459428,0.863588689237388
5000,0.2,0.2,0.1,3,-0.1,-0.6,-0.9,0.1,-0.1,0.1,1,2,-2,1,1,1,0.6,-0.2,0.8,0.1,-0.3,1,"SL.earth",2.32405264406604,0.0448057010949059,1.3602094179035,0.824572265580671,2.71884138593345,0.0598153436835109,1.62060642948502,1.42418507759703
5000,0.2,0.3,0.15,3,-0.1,-0.6,-0.9,0.1,-0.1,0.1,1,2,-2,1,1,1,0.6,-0.2,0.8,0.1,-0.3,1,"SL.earth",2.472199412697,0.0397525368620251,2.1231018374845,0.614588353463458,2.28382802284238,0.0427359264433348,2.10101669242121,0.937989072946549
5000,0.2,0.3,0.15,3,-0.1,-0.6,-0.9,0.1,-0.1,0.1,1,2,-2,1,1,1,0.6,-0.2,0.8,0.1,-0.3,1,"SL.earth",2.68844949904647,0.0709537736036293,1.81188016072744,1.02712176919986,1.80780563954191,0.0512691717046506,1.08368427247291,0.97062916557334
5000,0.2,0.3,0.15,3,-0.1,-0.6,-0.9,0.1,-0.1,0.1,1,2,-2,1,1,1,0.6,-0.2,0.8,0.1,-0.3,1,"SL.earth",2.18770675665957,0.0400479164832059,1.69780553397011,0.929789798310622,1.76507849209991,0.0294943861613985,2.19106971636056,0.640160047326181
5000,0.2,0.3,0.15,3,-0.1,-0.6,-0.9,0.1,-0.1,0.1,1,2,-2,1,1,1,0.6,-0.2,0.8,0.1,-0.3,1,"SL.earth",1.99666490027503,0.032864684898474,1.53742042488538,0.651034387309986,1.80140227085296,0.0398054544106015,2.91937865430872,0.676254731559963
5000,0.2,0.3,0.15,3,-0.1,-0.6,-0.9,0.1,-0.1,0.1,1,2,-2,1,1,1,0.6,-0.2,0.8,0.1,-0.3,1,"SL.earth",2.68842449314259,0.0440461495037862,2.12136732297932,0.751647023788584,2.16191088214381,0.037641956648025,2.39650504311059,0.627922499943669
5000,0.2,0.4,0.2,3,-0.1,-0.6,-0.9,0.1,-0.1,0.1,1,2,-2,1,1,1,0.6,-0.2,0.8,0.1,-0.3,1,"SL.earth",2.77767612569945,0.0503993545613024,3.23325675267012,0.440126460461203,2.0099699905403,0.0432286219376683,2.83524275513872,0.626478757740993
5000,0.2,0.4,0.2,3,-0.1,-0.6,-0.9,0.1,-0.1,0.1,1,2,-2,1,1,1,0.6,-0.2,0.8,0.1,-0.3,1,"SL.earth",2.33390196336191,0.0426537732269807,1.59742715549923,0.487422945586229,1.89601705391846,0.0360772603214565,2.18976595810434,0.587669730426497
5000,0.2,0.4,0.2,3,-0.1,-0.6,-0.9,0.1,-0.1,0.1,1,2,-2,1,1,1,0.6,-0.2,0.8,0.1,-0.3,1,"SL.earth",2.65022159657165,0.0569415637399002,1.93388203127383,0.746606940237518,1.80063826576771,0.0466272416989368,2.19932754505384,0.676437604198832
5000,0.2,0.4,0.2,3,-0.1,-0.6,-0.9,0.1,-0.1,0.1,1,2,-2,1,1,1,0.6,-0.2,0.8,0.1,-0.3,1,"SL.earth",2.82019783175668,0.0443247180499859,1.82448386334301,0.598536451318614,2.37901625951634,0.0407403215545352,2.20691221821933,0.541283007544327
5000,0.2,0.4,0.2,3,-0.1,-0.6,-0.9,0.1,-0.1,0.1,1,2,-2,1,1,1,0.6,-0.2,0.8,0.1,-0.3,1,"SL.earth",2.65084336194111,0.0461042345561403,3.31606450904602,0.592754700392875,2.12185384171034,0.0393512759428459,2.98679590300271,0.58038310138336
5000,0.2,0.5,0.25,3,-0.1,-0.6,-0.9,0.1,-0.1,0.1,1,2,-2,1,1,1,0.6,-0.2,0.8,0.1,-0.3,1,"SL.earth",2.5026194564279,0.0423706712137979,2.16289533336846,0.638744103067431,1.70620053709352,0.0338311627532418,1.75307870258702,0.493474948457955
5000,0.2,0.5,0.25,3,-0.1,-0.6,-0.9,0.1,-0.1,0.1,1,2,-2,1,1,1,0.6,-0.2,0.8,0.1,-0.3,1,"SL.earth",3.15903505881432,0.0523970994691508,3.04518148009737,0.40906344514705,2.33267379967005,0.0462733756458552,3.26141928777069,0.458117202905946
5000,0.2,0.5,0.25,3,-0.1,-0.6,-0.9,0.1,-0.1,0.1,1,2,-2,1,1,1,0.6,-0.2,0.8,0.1,-0.3,1,"SL.earth",2.78342898118965,0.049839774533696,2.44855780338187,0.387882307722581,2.30177397215649,0.0473425106901581,2.55110901298094,0.632384282401106
5000,0.2,0.5,0.25,3,-0.1,-0.6,-0.9,0.1,-0.1,0.1,1,2,-2,1,1,1,0.6,-0.2,0.8,0.1,-0.3,1,"SL.earth",3.19858054911027,0.0511370887577254,2.47345590102368,0.442325539541999,1.94483162240106,0.0341433855800849,2.34614152095443,0.56063924346366
5000,0.2,0.5,0.25,3,-0.1,-0.6,-0.9,0.1,-0.1,0.1,1,2,-2,1,1,1,0.6,-0.2,0.8,0.1,-0.3,1,"SL.earth",2.96464470110888,0.0532806285447156,3.18895386658777,0.776085741720176,2.54127552028149,0.0584895204053957,2.2210061394256,0.679251170306546
1000,0.2,0.1,0.05,3,-0.1,-0.6,-0.9,0.1,-0.1,0.1,1,2,-2,1,1,1,0.6,-0.2,0.8,0.1,-0.3,1,"SL.earth",0.233915567840004,0.128169011316263,9.7248135973179,8.59526955788152,3.54391193954607,0.118994347361404,4.42064981004771,1.18675010389917
1000,0.2,0.1,0.05,3,-0.1,-0.6,-0.9,0.1,-0.1,0.1,1,2,-2,1,1,1,0.6,-0.2,0.8,0.1,-0.3,1,"SL.earth",4.06126648290126,0.240848318038535,3.56219853308222,1.55560755189,2.35086263153083,0.1698694493922,3.0010405583223,1.22183746080407
1000,0.2,0.1,0.05,3,-0.1,-0.6,-0.9,0.1,-0.1,0.1,1,2,-2,1,1,1,0.6,-0.2,0.8,0.1,-0.3,1,"SL.earth",0.0732751309354428,0.0763350346070805,-0.505959943070918,1.6682566465329,-0.129182701206914,0.221111824237459,2.67939750261235,3.2306034684565
1000,0.2,0.1,0.05,3,-0.1,-0.6,-0.9,0.1,-0.1,0.1,1,2,-2,1,1,1,0.6,-0.2,0.8,0.1,-0.3,1,"SL.earth",2.72868305376479,0.175112568688386,3.18892589570067,1.71921706717908,-0.0310066113390046,0.0671629212034951,0.971781826598314,1.3936267096716
1000,0.2,0.1,0.05,3,-0.1,-0.6,-0.9,0.1,-0.1,0.1,1,2,-2,1,1,1,0.6,-0.2,0.8,0.1,-0.3,1,"SL.earth",1.52757245548722,0.146096462563321,0.884284312758797,1.13066228611253,3.08200675833446,0.237033963097586,-0.210475915923248,6.78550272837085
1000,0.2,0.2,0.1,3,-0.1,-0.6,-0.9,0.1,-0.1,0.1,1,2,-2,1,1,1,0.6,-0.2,0.8,0.1,-0.3,1,"SL.earth",3.972376408933,0.15078828235104,4.5697681997624,0.916697493016637,5.97868477536902,0.216130542101885,3.88278076724421,1.49455378907602
1000,0.2,0.2,0.1,3,-0.1,-0.6,-0.9,0.1,-0.1,0.1,1,2,-2,1,1,1,0.6,-0.2,0.8,0.1,-0.3,1,"SL.earth",0.611082264812555,0.167439878439092,1.38914150982158,0.899850394982342,2.12970493414995,0.258477094271373,3.75132084239026,1.48819291662342
1000,0.2,0.2,0.1,3,-0.1,-0.6,-0.9,0.1,-0.1,0.1,1,2,-2,1,1,1,0.6,-0.2,0.8,0.1,-0.3,1,"SL.earth",2.7722167247999,0.21688501447063,5.11689337252747,1.50268129636336,1.85133915691094,0.0818257841194647,1.54802381265693,1.63139309742978
1000,0.2,0.2,0.1,3,-0.1,-0.6,-0.9,0.1,-0.1,0.1,1,2,-2,1,1,1,0.6,-0.2,0.8,0.1,-0.3,1,"SL.earth",1.01692662476593,0.121651925417128,-1.75858088752947,3.59547004753248,2.49434462557901,0.249558182370006,2.5091740740882,1.19987497030698
1000,0.2,0.2,0.1,3,-0.1,-0.6,-0.9,0.1,-0.1,0.1,1,2,-2,1,1,1,0.6,-0.2,0.8,0.1,-0.3,1,"SL.earth",2.1782908390265,0.108819057655064,2.6730824923947,1.03927365315521,2.38267151274768,0.113369779574814,2.66908092073084,3.20381147333006
1000,0.2,0.3,0.15,3,-0.1,-0.6,-0.9,0.1,-0.1,0.1,1,2,-2,1,1,1,0.6,-0.2,0.8,0.1,-0.3,1,"SL.earth",4.01915261349779,0.258749657400756,2.6396789348621,1.45452703941857,2.75166776235568,0.232876157511344,7.75740531770304,2.62433270829513
1000,0.2,0.3,0.15,3,-0.1,-0.6,-0.9,0.1,-0.1,0.1,1,2,-2,1,1,1,0.6,-0.2,0.8,0.1,-0.3,1,"SL.earth",0.549796243849956,0.22642498534367,-0.682212229062591,1.16743798170614,1.73579678300357,0.234487907782401,0.566396756957597,2.25558184059841
1000,0.2,0.3,0.15,3,-0.1,-0.6,-0.9,0.1,-0.1,0.1,1,2,-2,1,1,1,0.6,-0.2,0.8,0.1,-0.3,1,"SL.earth",2.22800603540886,0.381486160739451,1.92773615391558,0.960994259720857,2.25682741241132,0.218858538559832,2.94441182577202,1.35236727017653
1000,0.2,0.3,0.15,3,-0.1,-0.6,-0.9,0.1,-0.1,0.1,1,2,-2,1,1,1,0.6,-0.2,0.8,0.1,-0.3,1,"SL.earth",1.37438258742831,0.217194814330628,3.46442037199486,1.05058103043552,1.12435357157842,0.151452832618494,0.712534597522035,1.15881766040284
1000,0.2,0.3,0.15,3,-0.1,-0.6,-0.9,0.1,-0.1,0.1,1,2,-2,1,1,1,0.6,-0.2,0.8,0.1,-0.3,1,"SL.earth",2.90850348250878,0.0970827088281928,3.13450015560825,1.29932342366941,2.72775113175732,0.13430124972099,4.34687480394229,2.39364973553939
1000,0.2,0.4,0.2,3,-0.1,-0.6,-0.9,0.1,-0.1,0.1,1,2,-2,1,1,1,0.6,-0.2,0.8,0.1,-0.3,1,"SL.earth",1.87477356371524,0.0797666534345342,-0.350963236893747,1.37431991522838,2.54475523531844,0.0927551094121218,2.43182252105842,1.82702333542966
1000,0.2,0.4,0.2,3,-0.1,-0.6,-0.9,0.1,-0.1,0.1,1,2,-2,1,1,1,0.6,-0.2,0.8,0.1,-0.3,1,"SL.earth",3.72019420413327,0.141963784379979,1.87959775168242,1.38047708580196,3.65494949502613,0.112142501998463,2.25406818106464,1.52526033367399
1000,0.2,0.4,0.2,3,-0.1,-0.6,-0.9,0.1,-0.1,0.1,1,2,-2,1,1,1,0.6,-0.2,0.8,0.1,-0.3,1,"SL.earth",3.02789381639936,0.159386032561761,3.93393635524173,1.81223979595489,1.87151931167186,0.140694252251321,1.33483741581991,1.45481747554934
1000,0.2,0.4,0.2,3,-0.1,-0.6,-0.9,0.1,-0.1,0.1,1,2,-2,1,1,1,0.6,-0.2,0.8,0.1,-0.3,1,"SL.earth",4.13645969689058,0.17314121039483,5.59645703042804,1.56379201002973,1.46127822983272,0.16075468983519,-0.284224937405847,2.86521663391677
1000,0.2,0.4,0.2,3,-0.1,-0.6,-0.9,0.1,-0.1,0.1,1,2,-2,1,1,1,0.6,-0.2,0.8,0.1,-0.3,1,"SL.earth",2.61180850584482,0.12199213765139,3.1875960899415,0.58797469783786,1.60045675999971,0.12492995677059,2.83979737665966,0.857594616958336
1000,0.2,0.5,0.25,3,-0.1,-0.6,-0.9,0.1,-0.1,0.1,1,2,-2,1,1,1,0.6,-0.2,0.8,0.1,-0.3,1,"SL.earth",3.85774185409219,0.17301228157729,7.00309691708325,2.08058727178353,2.80845084191416,0.182426794219108,5.69769958307078,1.24409931106042
1000,0.2,0.5,0.25,3,-0.1,-0.6,-0.9,0.1,-0.1,0.1,1,2,-2,1,1,1,0.6,-0.2,0.8,0.1,-0.3,1,"SL.earth",1.6793681250072,0.132023960424409,2.90360211115989,0.81302681332411,1.80020354829506,0.177115628695014,2.04177203346658,1.87329306783312
1000,0.2,0.5,0.25,3,-0.1,-0.6,-0.9,0.1,-0.1,0.1,1,2,-2,1,1,1,0.6,-0.2,0.8,0.1,-0.3,1,"SL.earth",1.68164163332493,0.142400682570987,0.310367043654985,1.78836305070709,1.6422091337285,0.131636561475167,2.71556759476054,1.10267786458916
1000,0.2,0.5,0.25,3,-0.1,-0.6,-0.9,0.1,-0.1,0.1,1,2,-2,1,1,1,0.6,-0.2,0.8,0.1,-0.3,1,"SL.earth",3.3947623734967,0.214346953951418,3.7775271126067,0.748483594892573,1.24531380520803,0.0888529846213748,1.68753171481351,1.27444036504226
1000,0.2,0.5,0.25,3,-0.1,-0.6,-0.9,0.1,-0.1,0.1,1,2,-2,1,1,1,0.6,-0.2,0.8,0.1,-0.3,1,"SL.earth",4.0435360955586,0.169976551872359,1.54836749562626,1.71259449924249,3.45503926983093,0.137949946039681,2.6183569911897,1.21587231578693
2500,0.2,0.1,0.05,3,-0.1,-0.6,-0.9,0.1,-0.1,0.1,1,2,-2,1,1,1,0.6,-0.2,0.8,0.1,-0.3,1,"SL.earth",3.54069542031463,0.0748409899234346,3.70774718193896,1.09025711901445,1.03842760119457,0.0693949556885064,1.8890231141028,3.46616697123735
2500,0.2,0.1,0.05,3,-0.1,-0.6,-0.9,0.1,-0.1,0.1,1,2,-2,1,1,1,0.6,-0.2,0.8,0.1,-0.3,1,"SL.earth",2.5850170908235,0.0859365306510137,1.43203480051696,2.39127959049027,1.43250874372207,0.0931601489397592,2.75296020590384,1.55054733036507
2500,0.2,0.1,0.05,3,-0.1,-0.6,-0.9,0.1,-0.1,0.1,1,2,-2,1,1,1,0.6,-0.2,0.8,0.1,-0.3,1,"SL.earth",1.03722359180168,0.0497235295426013,1.83736841755832,0.928519070828032,2.75083943183361,0.0832107680478308,4.33587347871191,1.638145547208
2500,0.2,0.1,0.05,3,-0.1,-0.6,-0.9,0.1,-0.1,0.1,1,2,-2,1,1,1,0.6,-0.2,0.8,0.1,-0.3,1,"SL.earth",1.94556406360254,0.0730628652549122,1.58267988932021,1.05917675479961,2.51737709413716,0.0933127002568969,8.43179196236407,3.56869992276215
2500,0.2,0.1,0.05,3,-0.1,-0.6,-0.9,0.1,-0.1,0.1,1,2,-2,1,1,1,0.6,-0.2,0.8,0.1,-0.3,1,"SL.earth",3.09867077667534,0.0721185859794644,6.27683750612429,2.43236326471769,1.73027078502747,0.101105128340125,2.99183836542681,1.35806962498192
2500,0.2,0.2,0.1,3,-0.1,-0.6,-0.9,0.1,-0.1,0.1,1,2,-2,1,1,1,0.6,-0.2,0.8,0.1,-0.3,1,"SL.earth",2.16647231771746,0.0868897584070311,1.90119133701409,1.57762915777141,1.14849787314828,0.0716141758622957,1.96273317804502,0.95574423245935
2500,0.2,0.2,0.1,3,-0.1,-0.6,-0.9,0.1,-0.1,0.1,1,2,-2,1,1,1,0.6,-0.2,0.8,0.1,-0.3,1,"SL.earth",3.24480454670799,0.0711519609026677,4.90302383023584,2.00507259482234,2.49920305679887,0.0576405949711896,2.14454024121179,0.886020633425753
2500,0.2,0.2,0.1,3,-0.1,-0.6,-0.9,0.1,-0.1,0.1,1,2,-2,1,1,1,0.6,-0.2,0.8,0.1,-0.3,1,"SL.earth",1.80169806921103,0.0829235279685764,1.32244919123087,0.960736720964486,2.37584090383419,0.0952730572108762,4.91862829384766,1.37781732775888
2500,0.2,0.2,0.1,3,-0.1,-0.6,-0.9,0.1,-0.1,0.1,1,2,-2,1,1,1,0.6,-0.2,0.8,0.1,-0.3,1,"SL.earth",2.66847702294344,0.0787404906683135,1.61247718190472,1.76641475952422,0.987361686864421,0.110427941565288,3.20733647189827,1.74762638364684
2500,0.2,0.2,0.1,3,-0.1,-0.6,-0.9,0.1,-0.1,0.1,1,2,-2,1,1,1,0.6,-0.2,0.8,0.1,-0.3,1,"SL.earth",2.49166645185373,0.0889443177180556,3.39307634197718,1.53818561713235,2.27453629385043,0.0792331435734231,3.78385491106214,1.22723103179182
2500,0.2,0.3,0.15,3,-0.1,-0.6,-0.9,0.1,-0.1,0.1,1,2,-2,1,1,1,0.6,-0.2,0.8,0.1,-0.3,1,"SL.earth",2.97165503057624,0.0678691680815371,5.14200020954164,2.01679672572687,1.92135701006964,0.0571035528998349,3.28043129460837,0.786757458439374
2500,0.2,0.3,0.15,3,-0.1,-0.6,-0.9,0.1,-0.1,0.1,1,2,-2,1,1,1,0.6,-0.2,0.8,0.1,-0.3,1,"SL.earth",3.25899354036169,0.104925921122693,2.49762581965423,1.10988196603579,1.74292109473476,0.11266885193825,3.82780750913872,1.14597370281175
2500,0.2,0.3,0.15,3,-0.1,-0.6,-0.9,0.1,-0.1,0.1,1,2,-2,1,1,1,0.6,-0.2,0.8,0.1,-0.3,1,"SL.earth",2.88298624633459,0.0592597808874589,3.21457533399658,0.531201450920998,2.09489646588135,0.0621025158621424,3.69577922514958,0.977826022244927
2500,0.2,0.3,0.15,3,-0.1,-0.6,-0.9,0.1,-0.1,0.1,1,2,-2,1,1,1,0.6,-0.2,0.8,0.1,-0.3,1,"SL.earth",2.49919095690648,0.0739263839251059,1.57061181790546,1.84470751779907,1.87199504986942,0.0667918395005991,4.07505275027099,0.849573189746764
2500,0.2,0.3,0.15,3,-0.1,-0.6,-0.9,0.1,-0.1,0.1,1,2,-2,1,1,1,0.6,-0.2,0.8,0.1,-0.3,1,"SL.earth",1.46026966230717,0.0383508678672946,0.979537208029515,1.42843101320151,1.59731591864438,0.0482029669572139,2.0205300131664,1.07372074487277
2500,0.2,0.4,0.2,3,-0.1,-0.6,-0.9,0.1,-0.1,0.1,1,2,-2,1,1,1,0.6,-0.2,0.8,0.1,-0.3,1,"SL.earth",3.65100047475645,0.102112027717006,2.96780967850347,1.08524750684278,2.74413082233211,0.0720616758924615,2.84954078188873,1.04607116886882
2500,0.2,0.4,0.2,3,-0.1,-0.6,-0.9,0.1,-0.1,0.1,1,2,-2,1,1,1,0.6,-0.2,0.8,0.1,-0.3,1,"SL.earth",2.93183841245751,0.0716850123106521,2.62004813986721,0.936562367039193,2.304220587367,0.0828498247883359,3.63743116301659,0.688448494332107
2500,0.2,0.4,0.2,3,-0.1,-0.6,-0.9,0.1,-0.1,0.1,1,2,-2,1,1,1,0.6,-0.2,0.8,0.1,-0.3,1,"SL.earth",2.82388831596639,0.0704014379535795,3.68503990723451,1.13927701269481,2.48433707974634,0.0692169130786255,2.73802338639745,0.79724719752219
2500,0.2,0.4,0.2,3,-0.1,-0.6,-0.9,0.1,-0.1,0.1,1,2,-2,1,1,1,0.6,-0.2,0.8,0.1,-0.3,1,"SL.earth",3.99142813390563,0.0853486117865975,2.85345260236842,0.852636743921715,2.75603986914841,0.0756119250733433,4.03992330359387,0.743218878996248
2500,0.2,0.4,0.2,3,-0.1,-0.6,-0.9,0.1,-0.1,0.1,1,2,-2,1,1,1,0.6,-0.2,0.8,0.1,-0.3,1,"SL.earth",3.69857208494911,0.114166344028744,3.43385902402133,0.754891445509125,2.58737413084572,0.0796655951122884,5.15515481895642,0.884430935315217
2500,0.2,0.5,0.25,3,-0.1,-0.6,-0.9,0.1,-0.1,0.1,1,2,-2,1,1,1,0.6,-0.2,0.8,0.1,-0.3,1,"SL.earth",2.26229832355695,0.0695982548295705,2.84723012945438,1.1422183899774,1.92331602425155,0.0694203828374628,0.69789342744493,1.25017842898878
2500,0.2,0.5,0.25,3,-0.1,-0.6,-0.9,0.1,-0.1,0.1,1,2,-2,1,1,1,0.6,-0.2,0.8,0.1,-0.3,1,"SL.earth",3.22503002816537,0.0768285398573934,2.91273517606947,0.473211112706693,1.91044464730102,0.0685209732975449,2.51512793373565,0.809829216704489
2500,0.2,0.5,0.25,3,-0.1,-0.6,-0.9,0.1,-0.1,0.1,1,2,-2,1,1,1,0.6,-0.2,0.8,0.1,-0.3,1,"SL.earth",2.59495321167455,0.0776606073100868,2.31881839024457,0.889610792238896,1.81419686198685,0.0731906672130456,3.06065765787971,0.993657343237458
2500,0.2,0.5,0.25,3,-0.1,-0.6,-0.9,0.1,-0.1,0.1,1,2,-2,1,1,1,0.6,-0.2,0.8,0.1,-0.3,1,"SL.earth",2.11943875281543,0.0663042853602051,3.63306924461363,1.43236442025512,2.03227924213149,0.0532989873666249,2.42335973577643,0.827943176745312
2500,0.2,0.5,0.25,3,-0.1,-0.6,-0.9,0.1,-0.1,0.1,1,2,-2,1,1,1,0.6,-0.2,0.8,0.1,-0.3,1,"SL.earth",2.74626508547505,0.0675336860697171,3.14797810385147,0.679873037365713,2.52254637767669,0.0698863424601743,3.34680429593737,0.848125527670803
5000,0.2,0.1,0.05,3,-0.1,-0.6,-0.9,0.1,-0.1,0.1,1,2,-2,1,1,1,0.6,-0.2,0.8,0.1,-0.3,1,"SL.earth",2.43892308080678,0.0371995551039073,1.20764875312499,1.16043388801284,1.24641582614103,0.0325571312856955,1.66324553504985,1.13767997983149
5000,0.2,0.1,0.05,3,-0.1,-0.6,-0.9,0.1,-0.1,0.1,1,2,-2,1,1,1,0.6,-0.2,0.8,0.1,-0.3,1,"SL.earth",3.82897728656641,0.0673046252106436,3.13825611950527,0.659076359020177,2.78831640305521,0.0499168085928836,2.53104501261529,1.20896802002716
5000,0.2,0.1,0.05,3,-0.1,-0.6,-0.9,0.1,-0.1,0.1,1,2,-2,1,1,1,0.6,-0.2,0.8,0.1,-0.3,1,"SL.earth",3.14150482568856,0.0534645446135958,3.54152299023091,1.23413046020683,1.78172016199919,0.0424757168804787,1.76939386952039,1.23662374792428
5000,0.2,0.1,0.05,3,-0.1,-0.6,-0.9,0.1,-0.1,0.1,1,2,-2,1,1,1,0.6,-0.2,0.8,0.1,-0.3,1,"SL.earth",3.56649229300282,0.0672951776857325,4.64324647331323,1.80755814989491,2.52205317747961,0.0730346392723621,4.92841288686553,1.2735484934177
5000,0.2,0.1,0.05,3,-0.1,-0.6,-0.9,0.1,-0.1,0.1,1,2,-2,1,1,1,0.6,-0.2,0.8,0.1,-0.3,1,"SL.earth",3.1282850769433,0.0534958317833916,3.61000475559172,0.630403186391152,1.62436250684383,0.030335731322407,1.69821415004624,0.705353788080802
5000,0.2,0.2,0.1,3,-0.1,-0.6,-0.9,0.1,-0.1,0.1,1,2,-2,1,1,1,0.6,-0.2,0.8,0.1,-0.3,1,"SL.earth",2.18716604004156,0.0454613667093712,1.86289988927701,0.79472353970588,1.37128365417134,0.0322419248030806,1.07475219706659,1.03676506676238
5000,0.2,0.2,0.1,3,-0.1,-0.6,-0.9,0.1,-0.1,0.1,1,2,-2,1,1,1,0.6,-0.2,0.8,0.1,-0.3,1,"SL.earth",1.97069326034686,0.04237565079601,3.69025590795693,2.19123830463451,2.15950976674209,0.0411689283424816,2.58274486331719,1.12897661703356
5000,0.2,0.2,0.1,3,-0.1,-0.6,-0.9,0.1,-0.1,0.1,1,2,-2,1,1,1,0.6,-0.2,0.8,0.1,-0.3,1,"SL.earth",2.21172588720329,0.0286751636839304,1.66283717960914,0.692850314859884,1.61719719307809,0.0293786317368346,1.44687157879259,1.11257280855718
5000,0.2,0.2,0.1,3,-0.1,-0.6,-0.9,0.1,-0.1,0.1,1,2,-2,1,1,1,0.6,-0.2,0.8,0.1,-0.3,1,"SL.earth",3.27095311992818,0.0515576525759764,4.17601461140075,0.532300827398607,2.62224988432426,0.0428962513756752,3.43100930736923,0.834109034770803
5000,0.2,0.2,0.1,3,-0.1,-0.6,-0.9,0.1,-0.1,0.1,1,2,-2,1,1,1,0.6,-0.2,0.8,0.1,-0.3,1,"SL.earth",2.81522753246789,0.0423722183735464,3.23557928449132,0.745008307679134,1.77450730210439,0.0300497567212245,2.74780253912182,1.26583278069585
5000,0.2,0.3,0.15,3,-0.1,-0.6,-0.9,0.1,-0.1,0.1,1,2,-2,1,1,1,0.6,-0.2,0.8,0.1,-0.3,1,"SL.earth",2.34783114621133,0.0503815029163717,1.81625809262602,0.474187869440278,1.78781567812994,0.0437382867047279,3.07347783738115,0.855317608930742
5000,0.2,0.3,0.15,3,-0.1,-0.6,-0.9,0.1,-0.1,0.1,1,2,-2,1,1,1,0.6,-0.2,0.8,0.1,-0.3,1,"SL.earth",2.21532183068159,0.0574827329451019,2.40969530050337,0.993250743309985,1.83662789474544,0.0416666686561735,1.80159649783746,0.971509385773346
5000,0.2,0.3,0.15,3,-0.1,-0.6,-0.9,0.1,-0.1,0.1,1,2,-2,1,1,1,0.6,-0.2,0.8,0.1,-0.3,1,"SL.earth",2.81178577507052,0.0575057818360037,3.78314441913613,0.588185578549295,2.10776871790416,0.0578905386834257,3.24956859743091,0.78575130176849
5000,0.2,0.3,0.15,3,-0.1,-0.6,-0.9,0.1,-0.1,0.1,1,2,-2,1,1,1,0.6,-0.2,0.8,0.1,-0.3,1,"SL.earth",3.48061452343095,0.0722169464206408,1.82451075604243,0.724423066663178,2.6271305324251,0.0611941885370703,2.75075213286407,0.885863886408492
5000,0.2,0.3,0.15,3,-0.1,-0.6,-0.9,0.1,-0.1,0.1,1,2,-2,1,1,1,0.6,-0.2,0.8,0.1,-0.3,1,"SL.earth",3.67300906703948,0.055329391301371,5.27818435994655,0.807405236340094,2.1950494107681,0.040827016974582,2.9488792686939,0.676071279100395
5000,0.2,0.4,0.2,3,-0.1,-0.6,-0.9,0.1,-0.1,0.1,1,2,-2,1,1,1,0.6,-0.2,0.8,0.1,-0.3,1,"SL.earth",2.73474808851843,0.0424158273996858,3.30913017201139,0.607349787103979,2.16309482861723,0.0375884176652192,3.19614703586136,0.546754978878048
5000,0.2,0.4,0.2,3,-0.1,-0.6,-0.9,0.1,-0.1,0.1,1,2,-2,1,1,1,0.6,-0.2,0.8,0.1,-0.3,1,"SL.earth",2.32460440941531,0.0349257685003895,1.35199863035037,0.608198712962437,2.54812281888204,0.0377555351062408,2.45650865082017,0.534630581327782
5000,0.2,0.4,0.2,3,-0.1,-0.6,-0.9,0.1,-0.1,0.1,1,2,-2,1,1,1,0.6,-0.2,0.8,0.1,-0.3,1,"SL.earth",1.97690011217756,0.0507050244269597,2.05786043717725,0.632713689717344,1.83128449888606,0.0470651512378143,3.58785933025659,0.572649018914818
5000,0.2,0.4,0.2,3,-0.1,-0.6,-0.9,0.1,-0.1,0.1,1,2,-2,1,1,1,0.6,-0.2,0.8,0.1,-0.3,1,"SL.earth",3.20196512673276,0.0599902345071401,4.39617464136954,1.03195343315405,2.3047955413781,0.0498364819740053,2.5435301056768,0.607820857524624
5000,0.2,0.4,0.2,3,-0.1,-0.6,-0.9,0.1,-0.1,0.1,1,2,-2,1,1,1,0.6,-0.2,0.8,0.1,-0.3,1,"SL.earth",2.74375022511137,0.0554934230562172,2.2771764866729,0.409205163228981,1.70461685085864,0.0293198681456738,2.1450165669609,0.584492995349943
5000,0.2,0.5,0.25,3,-0.1,-0.6,-0.9,0.1,-0.1,0.1,1,2,-2,1,1,1,0.6,-0.2,0.8,0.1,-0.3,1,"SL.earth",2.58783916958189,0.0545170215792197,3.2017572368218,0.558138340736724,2.3020905341908,0.0472348011833137,2.70422979324245,0.555610388768066
5000,0.2,0.5,0.25,3,-0.1,-0.6,-0.9,0.1,-0.1,0.1,1,2,-2,1,1,1,0.6,-0.2,0.8,0.1,-0.3,1,"SL.earth",2.73539088543525,0.0354719128503181,2.92983445145616,0.663779436104377,1.96624026966781,0.0338779456720123,3.36734556587896,0.475069413613623
5000,0.2,0.5,0.25,3,-0.1,-0.6,-0.9,0.1,-0.1,0.1,1,2,-2,1,1,1,0.6,-0.2,0.8,0.1,-0.3,1,"SL.earth",1.85958488901417,0.0462519694491588,1.41681222311733,0.494541066178267,1.91428344729535,0.0502728846867704,1.88364493945775,0.579932357764674
5000,0.2,0.5,0.25,3,-0.1,-0.6,-0.9,0.1,-0.1,0.1,1,2,-2,1,1,1,0.6,-0.2,0.8,0.1,-0.3,1,"SL.earth",1.70431650551616,0.034863779424173,0.65547608131046,0.533084479247552,1.5385100504785,0.0317964600680873,1.85491443108218,0.556110442140544
5000,0.2,0.5,0.25,3,-0.1,-0.6,-0.9,0.1,-0.1,0.1,1,2,-2,1,1,1,0.6,-0.2,0.8,0.1,-0.3,1,"SL.earth",3.05373934067126,0.0530368620837648,2.79395004760098,0.546548307441056,2.3510168001296,0.0336393315602793,3.06315768985725,0.473068523249081
1000,0.2,0.1,0.05,3,-0.1,-0.6,-0.9,0.1,-0.1,0.1,1,2,-2,1,1,1,0.6,-0.2,0.8,0.1,-0.3,1,"SL.earth",-0.436806900561944,0.124359074820886,-4.95834044204645,3.82711276936976,3.23085990527825,0.183822145643149,2.16320453286989,2.64891483218379
1000,0.2,0.1,0.05,3,-0.1,-0.6,-0.9,0.1,-0.1,0.1,1,2,-2,1,1,1,0.6,-0.2,0.8,0.1,-0.3,1,"SL.earth",0.249341483037584,0.0879399405705746,1.86140895929336,2.77291585362961,0.102448644268391,0.0594309392017022,2.35214372952932,1.59507131841762
1000,0.2,0.1,0.05,3,-0.1,-0.6,-0.9,0.1,-0.1,0.1,1,2,-2,1,1,1,0.6,-0.2,0.8,0.1,-0.3,1,"SL.earth",3.36997108075448,0.143726142866853,3.17070243515543,1.15140053692553,2.79041985022935,0.20654341426404,11.6133691720115,7.25690856943682
1000,0.2,0.1,0.05,3,-0.1,-0.6,-0.9,0.1,-0.1,0.1,1,2,-2,1,1,1,0.6,-0.2,0.8,0.1,-0.3,1,"SL.earth",2.72364023085181,0.13149023612697,4.35698487613425,1.14649014050105,4.26918630010367,0.147809182775805,5.23421008185372,2.90684334544248
1000,0.2,0.1,0.05,3,-0.1,-0.6,-0.9,0.1,-0.1,0.1,1,2,-2,1,1,1,0.6,-0.2,0.8,0.1,-0.3,1,"SL.earth",3.80253181032537,0.131425730766687,2.6739760711271,1.01069604830553,0.144289208421947,0.0572778231715355,2.80788375292473,2.10530318816238
1000,0.2,0.2,0.1,3,-0.1,-0.6,-0.9,0.1,-0.1,0.1,1,2,-2,1,1,1,0.6,-0.2,0.8,0.1,-0.3,1,"SL.earth",1.36954512036173,0.286787238296074,1.26583661883658,3.24403590362322,0.336407345895005,0.183289429132361,1.05516120494654,2.20053469604266
1000,0.2,0.2,0.1,3,-0.1,-0.6,-0.9,0.1,-0.1,0.1,1,2,-2,1,1,1,0.6,-0.2,0.8,0.1,-0.3,1,"SL.earth",1.14554341591046,0.112693584642022,3.03020324731561,2.45077188125137,1.50818256461461,0.0962538639316979,2.99539034285457,1.43428521640902
1000,0.2,0.2,0.1,3,-0.1,-0.6,-0.9,0.1,-0.1,0.1,1,2,-2,1,1,1,0.6,-0.2,0.8,0.1,-0.3,1,"SL.earth",3.42460462841865,0.193295530962713,2.62295097476074,1.64715217302296,2.79272675139431,0.147341727890224,5.16883306522506,1.78519255498015
1000,0.2,0.2,0.1,3,-0.1,-0.6,-0.9,0.1,-0.1,0.1,1,2,-2,1,1,1,0.6,-0.2,0.8,0.1,-0.3,1,"SL.earth",3.75406683971038,0.169901461437344,5.00057975043239,1.77322221343546,1.27780457017689,0.0910794617245525,1.97297981524017,1.09339129463617
1000,0.2,0.2,0.1,3,-0.1,-0.6,-0.9,0.1,-0.1,0.1,1,2,-2,1,1,1,0.6,-0.2,0.8,0.1,-0.3,1,"SL.earth",0.4507779439156,0.0489981959851444,-0.147426071305779,1.28939630115009,0.0634489307599952,0.0651113873649544,1.52222631415201,2.13530314445548
1000,0.2,0.3,0.15,3,-0.1,-0.6,-0.9,0.1,-0.1,0.1,1,2,-2,1,1,1,0.6,-0.2,0.8,0.1,-0.3,1,"SL.earth",3.0988325853809,0.132129768570867,2.14592293464284,2.14774017343092,1.94478664510333,0.116212040870762,2.70976037153306,1.34837112395248
1000,0.2,0.3,0.15,3,-0.1,-0.6,-0.9,0.1,-0.1,0.1,1,2,-2,1,1,1,0.6,-0.2,0.8,0.1,-0.3,1,"SL.earth",3.0241420742494,0.11114712760112,3.61019339837683,1.65239874800527,2.54339965909903,0.0766899395456057,2.0813096150606,1.59744063234741
1000,0.2,0.3,0.15,3,-0.1,-0.6,-0.9,0.1,-0.1,0.1,1,2,-2,1,1,1,0.6,-0.2,0.8,0.1,-0.3,1,"SL.earth",0.0777165262466835,0.140593318012754,-0.93118102395453,1.95468457593804,1.25885817190923,0.204636847815868,4.54135622329522,2.06010712617021
1000,0.2,0.3,0.15,3,-0.1,-0.6,-0.9,0.1,-0.1,0.1,1,2,-2,1,1,1,0.6,-0.2,0.8,0.1,-0.3,1,"SL.earth",2.60257644138763,0.0775141755245518,1.93247525933197,1.23741729918056,3.96565764495416,0.199483760018483,1.13939480651189,1.40582623336694
1000,0.2,0.3,0.15,3,-0.1,-0.6,-0.9,0.1,-0.1,0.1,1,2,-2,1,1,1,0.6,-0.2,0.8,0.1,-0.3,1,"SL.earth",3.77503960500626,0.197214492634959,4.57520442260561,1.97564082934864,3.02520278543723,0.143403047512258,5.04381998227352,2.01535131988045
1000,0.2,0.4,0.2,3,-0.1,-0.6,-0.9,0.1,-0.1,0.1,1,2,-2,1,1,1,0.6,-0.2,0.8,0.1,-0.3,1,"SL.earth",0.773218699351338,0.103005430836522,-0.109864583365204,0.9436766537469,1.86863285325697,0.102192815002479,0.331642069295759,1.28760773290719
1000,0.2,0.4,0.2,3,-0.1,-0.6,-0.9,0.1,-0.1,0.1,1,2,-2,1,1,1,0.6,-0.2,0.8,0.1,-0.3,1,"SL.earth",1.52702014222096,0.0956181844291033,2.23414258377277,0.989859720836351,2.9240393423718,0.160510437793145,2.9199363045305,1.28349302695411
1000,0.2,0.4,0.2,3,-0.1,-0.6,-0.9,0.1,-0.1,0.1,1,2,-2,1,1,1,0.6,-0.2,0.8,0.1,-0.3,1,"SL.earth",0.998833532011439,0.240345616196435,0.34667512840329,1.09711843150329,0.253832221552782,0.155841903912335,1.5841136080827,1.113439527878
1000,0.2,0.4,0.2,3,-0.1,-0.6,-0.9,0.1,-0.1,0.1,1,2,-2,1,1,1,0.6,-0.2,0.8,0.1,-0.3,1,"SL.earth",3.38724201971146,0.169142649503621,3.12662005426932,1.97838009773208,2.50829408704283,0.192124252942876,4.09176924097578,2.02683303647531
1000,0.2,0.4,0.2,3,-0.1,-0.6,-0.9,0.1,-0.1,0.1,1,2,-2,1,1,1,0.6,-0.2,0.8,0.1,-0.3,1,"SL.earth",3.5682784822644,0.147352406748266,5.22419995732846,1.13364431987406,2.50089208197568,0.131369926247825,3.80155980926181,1.24100552944183
1000,0.2,0.5,0.25,3,-0.1,-0.6,-0.9,0.1,-0.1,0.1,1,2,-2,1,1,1,0.6,-0.2,0.8,0.1,-0.3,1,"SL.earth",1.64683748169164,0.12041633858294,2.14257156891267,1.59753756255606,2.22475450323902,0.094483320664261,1.47165532677578,1.09103504061334
1000,0.2,0.5,0.25,3,-0.1,-0.6,-0.9,0.1,-0.1,0.1,1,2,-2,1,1,1,0.6,-0.2,0.8,0.1,-0.3,1,"SL.earth",2.37935052944513,0.157301052186487,2.73586529555195,0.946118143765734,1.93395055397723,0.15177021561534,2.81643149745244,1.13167448146782
1000,0.2,0.5,0.25,3,-0.1,-0.6,-0.9,0.1,-0.1,0.1,1,2,-2,1,1,1,0.6,-0.2,0.8,0.1,-0.3,1,"SL.earth",3.86706846823768,0.151142108061237,3.89826923245358,0.630035989845771,2.67417148758931,0.166967756492034,4.34495962689841,1.19038521267056
1000,0.2,0.5,0.25,3,-0.1,-0.6,-0.9,0.1,-0.1,0.1,1,2,-2,1,1,1,0.6,-0.2,0.8,0.1,-0.3,1,"SL.earth",3.55980730605568,0.137408864751609,2.3706228591361,0.639412533475735,2.40297259145438,0.0916373056781811,2.39531088800214,1.03141777950852
1000,0.2,0.5,0.25,3,-0.1,-0.6,-0.9,0.1,-0.1,0.1,1,2,-2,1,1,1,0.6,-0.2,0.8,0.1,-0.3,1,"SL.earth",0.738458042482978,0.052165902469415,1.28189516469817,1.21108560289705,1.362784007674,0.0591127175645128,2.44771203821914,0.917654150804754
2500,0.2,0.1,0.05,3,-0.1,-0.6,-0.9,0.1,-0.1,0.1,1,2,-2,1,1,1,0.6,-0.2,0.8,0.1,-0.3,1,"SL.earth",0.0844956267654631,0.0766146753188644,-0.786932444125044,2.60104862369942,2.61698981197786,0.0775344654083183,2.43592342711023,1.488756039853
2500,0.2,0.1,0.05,3,-0.1,-0.6,-0.9,0.1,-0.1,0.1,1,2,-2,1,1,1,0.6,-0.2,0.8,0.1,-0.3,1,"SL.earth",0.242445050341234,0.0539991497487502,-0.731327934325657,1.05091803564853,2.11738900945078,0.0790534019923329,1.5999801179931,1.67353579879593
2500,0.2,0.1,0.05,3,-0.1,-0.6,-0.9,0.1,-0.1,0.1,1,2,-2,1,1,1,0.6,-0.2,0.8,0.1,-0.3,1,"SL.earth",2.69210278999637,0.0535270109350124,2.13688070667095,1.74094134500315,1.31185119697326,0.0351864415138331,2.05193115811678,1.39641069883905
2500,0.2,0.1,0.05,3,-0.1,-0.6,-0.9,0.1,-0.1,0.1,1,2,-2,1,1,1,0.6,-0.2,0.8,0.1,-0.3,1,"SL.earth",2.59522431526032,0.0717791982388778,4.60176672284362,1.13392456641392,0.371832800838464,0.0519992308144416,-0.4731065096538,2.13877634167663
2500,0.2,0.1,0.05,3,-0.1,-0.6,-0.9,0.1,-0.1,0.1,1,2,-2,1,1,1,0.6,-0.2,0.8,0.1,-0.3,1,"SL.earth",4.4177839351298,0.101606368520286,4.47942654006785,0.764485571493164,3.76173735006002,0.0918495687868379,3.12920857523719,1.67810283706003
2500,0.2,0.2,0.1,3,-0.1,-0.6,-0.9,0.1,-0.1,0.1,1,2,-2,1,1,1,0.6,-0.2,0.8,0.1,-0.3,1,"SL.earth",3.68385098285128,0.0983793995512077,3.70484057924003,0.905053248993762,3.234142135799,0.0789950751773787,2.21811453287703,1.3324390538441
2500,0.2,0.2,0.1,3,-0.1,-0.6,-0.9,0.1,-0.1,0.1,1,2,-2,1,1,1,0.6,-0.2,0.8,0.1,-0.3,1,"SL.earth",2.70573609174479,0.0689880861998694,0.972045863692456,1.16050707654421,2.95496965880268,0.0789611289804313,3.71695442678055,0.914466084278105
2500,0.2,0.2,0.1,3,-0.1,-0.6,-0.9,0.1,-0.1,0.1,1,2,-2,1,1,1,0.6,-0.2,0.8,0.1,-0.3,1,"SL.earth",3.62888019776975,0.0852007402130781,3.13796391010951,0.514919599946331,2.607085212872,0.0782643331123707,3.6701429758888,1.06584554095323
2500,0.2,0.2,0.1,3,-0.1,-0.6,-0.9,0.1,-0.1,0.1,1,2,-2,1,1,1,0.6,-0.2,0.8,0.1,-0.3,1,"SL.earth",1.41850264771817,0.0510331100006413,0.974626668174631,0.7473015967714,1.22332662682924,0.0456933523791979,1.34079110284037,0.959926364350795
2500,0.2,0.2,0.1,3,-0.1,-0.6,-0.9,0.1,-0.1,0.1,1,2,-2,1,1,1,0.6,-0.2,0.8,0.1,-0.3,1,"SL.earth",1.70061203708359,0.0663480820817497,2.16906267723094,0.79281735078645,1.19685236222207,0.104339998465539,3.3981846466296,1.04453335507215
2500,0.2,0.3,0.15,3,-0.1,-0.6,-0.9,0.1,-0.1,0.1,1,2,-2,1,1,1,0.6,-0.2,0.8,0.1,-0.3,1,"SL.earth",1.02380080896524,0.050703780667122,0.145063068341763,0.875334727781291,1.78257879234326,0.0527055231103173,2.45716949845679,1.00002355830385
2500,0.2,0.3,0.15,3,-0.1,-0.6,-0.9,0.1,-0.1,0.1,1,2,-2,1,1,1,0.6,-0.2,0.8,0.1,-0.3,1,"SL.earth",3.5421899139035,0.0812647284107822,3.95674144107076,0.805366780074273,2.12334349564905,0.0657486289088655,2.92217607042918,0.777429345723023
2500,0.2,0.3,0.15,3,-0.1,-0.6,-0.9,0.1,-0.1,0.1,1,2,-2,1,1,1,0.6,-0.2,0.8,0.1,-0.3,1,"SL.earth",2.55812534475066,0.0683713165905759,2.17773612582921,0.601077910884949,1.93747811522422,0.0628219216413479,0.340944017162717,1.61287130153774
2500,0.2,0.3,0.15,3,-0.1,-0.6,-0.9,0.1,-0.1,0.1,1,2,-2,1,1,1,0.6,-0.2,0.8,0.1,-0.3,1,"SL.earth",2.18583572380426,0.0566195416548086,4.06477375495755,1.78298555416252,2.23751969513368,0.0612139399773865,1.73125567908289,1.02842580302416
2500,0.2,0.3,0.15,3,-0.1,-0.6,-0.9,0.1,-0.1,0.1,1,2,-2,1,1,1,0.6,-0.2,0.8,0.1,-0.3,1,"SL.earth",2.71707654460643,0.0864976942169107,0.132308146651712,2.03493476797387,1.78331431658802,0.0581269861975374,3.21195528990511,1.23127670716646
2500,0.2,0.4,0.2,3,-0.1,-0.6,-0.9,0.1,-0.1,0.1,1,2,-2,1,1,1,0.6,-0.2,0.8,0.1,-0.3,1,"SL.earth",3.54898429005799,0.113491276255671,3.13037495832696,0.60647219224922,2.35836891086986,0.104264398066948,1.12241353959435,1.84711072439684
2500,0.2,0.4,0.2,3,-0.1,-0.6,-0.9,0.1,-0.1,0.1,1,2,-2,1,1,1,0.6,-0.2,0.8,0.1,-0.3,1,"SL.earth",3.01410218773877,0.125073461691907,2.49312366776376,1.05265046396177,1.54239838959297,0.059858099601894,3.84359015009837,1.03269152925905
2500,0.2,0.4,0.2,3,-0.1,-0.6,-0.9,0.1,-0.1,0.1,1,2,-2,1,1,1,0.6,-0.2,0.8,0.1,-0.3,1,"SL.earth",3.22143808080377,0.0865044207830583,2.77976013147393,0.88708000422525,1.71032567930873,0.0528039904017733,2.65222149890444,0.690169270593473
2500,0.2,0.4,0.2,3,-0.1,-0.6,-0.9,0.1,-0.1,0.1,1,2,-2,1,1,1,0.6,-0.2,0.8,0.1,-0.3,1,"SL.earth",2.78876190939911,0.0994608662041619,2.95112974255203,0.616211756689035,2.35494267001653,0.128827520701735,3.55229854262367,1.0862459344667
2500,0.2,0.4,0.2,3,-0.1,-0.6,-0.9,0.1,-0.1,0.1,1,2,-2,1,1,1,0.6,-0.2,0.8,0.1,-0.3,1,"SL.earth",3.04405045472753,0.103610927867463,2.88914037961067,0.701170052762806,2.3691986478528,0.100839930439586,2.46816147433535,1.05377665417903
2500,0.2,0.5,0.25,3,-0.1,-0.6,-0.9,0.1,-0.1,0.1,1,2,-2,1,1,1,0.6,-0.2,0.8,0.1,-0.3,1,"SL.earth",1.43443895595724,0.115602817175063,1.88127834595335,1.07200071959185,1.53395723778283,0.0948255149664548,1.16593764133763,0.877200597904655
2500,0.2,0.5,0.25,3,-0.1,-0.6,-0.9,0.1,-0.1,0.1,1,2,-2,1,1,1,0.6,-0.2,0.8,0.1,-0.3,1,"SL.earth",2.79141522891474,0.0734807797359182,1.44400480908364,0.979778550626153,1.63941011565671,0.059809313163402,1.81320883515883,0.920848190446606
2500,0.2,0.5,0.25,3,-0.1,-0.6,-0.9,0.1,-0.1,0.1,1,2,-2,1,1,1,0.6,-0.2,0.8,0.1,-0.3,1,"SL.earth",2.74538488053978,0.083221506092907,3.22182234394585,0.921707724851629,1.98948589123689,0.0710382226779087,3.5729232561075,1.40330451842667
2500,0.2,0.5,0.25,3,-0.1,-0.6,-0.9,0.1,-0.1,0.1,1,2,-2,1,1,1,0.6,-0.2,0.8,0.1,-0.3,1,"SL.earth",2.79937440573894,0.113816305122425,2.86681972087718,0.568532110832372,2.15650766603782,0.0731266255059602,2.40290525387406,1.57190002780121
2500,0.2,0.5,0.25,3,-0.1,-0.6,-0.9,0.1,-0.1,0.1,1,2,-2,1,1,1,0.6,-0.2,0.8,0.1,-0.3,1,"SL.earth",2.13827850868168,0.101461420178599,4.61727370250083,2.32867445249052,1.96792040961147,0.0777704305260553,3.60294996214682,0.707108217249587
5000,0.2,0.1,0.05,3,-0.1,-0.6,-0.9,0.1,-0.1,0.1,1,2,-2,1,1,1,0.6,-0.2,0.8,0.1,-0.3,1,"SL.earth",3.03303886524466,0.0526436755303407,1.92528262396896,1.05642604265356,2.36448951284568,0.061871884419862,3.14203891161375,1.41387799979163
5000,0.2,0.1,0.05,3,-0.1,-0.6,-0.9,0.1,-0.1,0.1,1,2,-2,1,1,1,0.6,-0.2,0.8,0.1,-0.3,1,"SL.earth",2.2465385047815,0.0427528294913815,1.41306061422586,1.03557614848392,1.15727849845093,0.0360069523194867,2.57098263368778,1.44913482981952
5000,0.2,0.1,0.05,3,-0.1,-0.6,-0.9,0.1,-0.1,0.1,1,2,-2,1,1,1,0.6,-0.2,0.8,0.1,-0.3,1,"SL.earth",4.30462820881845,0.0634854412628633,4.22950517156388,0.756638940909658,0.80659841721546,0.0220893470554076,1.88401031765372,0.938533310013714
5000,0.2,0.1,0.05,3,-0.1,-0.6,-0.9,0.1,-0.1,0.1,1,2,-2,1,1,1,0.6,-0.2,0.8,0.1,-0.3,1,"SL.earth",0.0983602968246886,0.0215974463665791,-1.47028076546977,1.20030086531905,3.21352582460247,0.0632580494578557,3.19492020565768,1.755295218815
5000,0.2,0.1,0.05,3,-0.1,-0.6,-0.9,0.1,-0.1,0.1,1,2,-2,1,1,1,0.6,-0.2,0.8,0.1,-0.3,1,"SL.earth",2.04429956747146,0.0483747478455755,1.75112212556629,0.736114395591813,2.1776260366142,0.0641038364814663,1.59920794615559,1.45537697341685
5000,0.2,0.2,0.1,3,-0.1,-0.6,-0.9,0.1,-0.1,0.1,1,2,-2,1,1,1,0.6,-0.2,0.8,0.1,-0.3,1,"SL.earth",4.21203853538045,0.0568265694607649,5.36662112999352,0.54832022227233,1.5535282410169,0.0332278646125993,3.02124902639958,0.71123477395368
5000,0.2,0.2,0.1,3,-0.1,-0.6,-0.9,0.1,-0.1,0.1,1,2,-2,1,1,1,0.6,-0.2,0.8,0.1,-0.3,1,"SL.earth",1.77836315904442,0.0508198367529585,2.27588123952641,1.36846707713026,1.63094126866869,0.0523532350497447,4.10423629782692,0.995741149481134
5000,0.2,0.2,0.1,3,-0.1,-0.6,-0.9,0.1,-0.1,0.1,1,2,-2,1,1,1,0.6,-0.2,0.8,0.1,-0.3,1,"SL.earth",2.71601509813801,0.06738044361826,2.20572279318058,0.615731280447773,2.52038812251913,0.0848488145246113,3.59517908119067,0.819965790229191
5000,0.2,0.2,0.1,3,-0.1,-0.6,-0.9,0.1,-0.1,0.1,1,2,-2,1,1,1,0.6,-0.2,0.8,0.1,-0.3,1,"SL.earth",1.83588044643224,0.0395012498427296,2.37542351583562,0.462484768579147,2.32010583679605,0.0510578137495087,1.91045244372185,0.852322025045751
5000,0.2,0.2,0.1,3,-0.1,-0.6,-0.9,0.1,-0.1,0.1,1,2,-2,1,1,1,0.6,-0.2,0.8,0.1,-0.3,1,"SL.earth",1.76280456173854,0.0292223343318728,1.57996003043435,1.06603548195168,1.30487594504297,0.0239987722206435,1.77408594879274,0.971799474677372
5000,0.2,0.3,0.15,3,-0.1,-0.6,-0.9,0.1,-0.1,0.1,1,2,-2,1,1,1,0.6,-0.2,0.8,0.1,-0.3,1,"SL.earth",3.03142005686894,0.0575898616958226,3.54873892793714,0.491868566158587,2.00522932117393,0.0463500463639356,3.33743118659135,0.699246117922564
5000,0.2,0.3,0.15,3,-0.1,-0.6,-0.9,0.1,-0.1,0.1,1,2,-2,1,1,1,0.6,-0.2,0.8,0.1,-0.3,1,"SL.earth",3.78411372552935,0.0616673568791259,3.14874058081794,0.671274989306087,2.57676764423584,0.0475139459717831,3.17975377369764,0.698459564839997
5000,0.2,0.3,0.15,3,-0.1,-0.6,-0.9,0.1,-0.1,0.1,1,2,-2,1,1,1,0.6,-0.2,0.8,0.1,-0.3,1,"SL.earth",3.06932198999789,0.053228404397299,3.7723933555697,0.785073619376261,1.74215203319232,0.0458106369652136,2.39850683454497,0.596095795809314
5000,0.2,0.3,0.15,3,-0.1,-0.6,-0.9,0.1,-0.1,0.1,1,2,-2,1,1,1,0.6,-0.2,0.8,0.1,-0.3,1,"SL.earth",2.31992963482031,0.0542465610075924,1.62538186482959,0.970256194809879,1.75963412478313,0.0442458193197881,1.86381206869346,1.07235706707717
5000,0.2,0.3,0.15,3,-0.1,-0.6,-0.9,0.1,-0.1,0.1,1,2,-2,1,1,1,0.6,-0.2,0.8,0.1,-0.3,1,"SL.earth",2.44971643302181,0.0438705480306941,2.60450919372525,0.784074186092206,1.73278408912265,0.0360858866957843,2.6483296883446,0.604716462342963
5000,0.2,0.4,0.2,3,-0.1,-0.6,-0.9,0.1,-0.1,0.1,1,2,-2,1,1,1,0.6,-0.2,0.8,0.1,-0.3,1,"SL.earth",1.84634197391098,0.060524425508727,2.1968887321367,0.976435796138119,2.17622119362753,0.0699769459063732,2.28182624183918,0.738725576326092
5000,0.2,0.4,0.2,3,-0.1,-0.6,-0.9,0.1,-0.1,0.1,1,2,-2,1,1,1,0.6,-0.2,0.8,0.1,-0.3,1,"SL.earth",3.04201971246723,0.0557746169244929,3.0452256267596,0.795354865148627,1.98768547406501,0.0608628984036469,2.00670647664083,1.02563720490979
5000,0.2,0.4,0.2,3,-0.1,-0.6,-0.9,0.1,-0.1,0.1,1,2,-2,1,1,1,0.6,-0.2,0.8,0.1,-0.3,1,"SL.earth",2.62968880742734,0.0734911650313035,1.30829253721149,0.716113287885557,2.55126761592578,0.0964595320465439,2.4110273370658,1.38578303273668
5000,0.2,0.4,0.2,3,-0.1,-0.6,-0.9,0.1,-0.1,0.1,1,2,-2,1,1,1,0.6,-0.2,0.8,0.1,-0.3,1,"SL.earth",3.03444011842246,0.0563069173293204,2.67956238258758,0.571568820207589,2.03508692042795,0.0372936768662404,2.30943308477833,0.587919831906842
5000,0.2,0.4,0.2,3,-0.1,-0.6,-0.9,0.1,-0.1,0.1,1,2,-2,1,1,1,0.6,-0.2,0.8,0.1,-0.3,1,"SL.earth",2.43192854650407,0.0464302580220781,2.49015741437722,0.70023349549818,2.53450082131335,0.054516442152672,3.41958603245123,0.648833706582861
5000,0.2,0.5,0.25,3,-0.1,-0.6,-0.9,0.1,-0.1,0.1,1,2,-2,1,1,1,0.6,-0.2,0.8,0.1,-0.3,1,"SL.earth",2.80563604174337,0.0564583798547905,1.45824822069169,0.774659912450863,2.36245357737092,0.0516265031079732,2.98099650956579,0.55893606290438
5000,0.2,0.5,0.25,3,-0.1,-0.6,-0.9,0.1,-0.1,0.1,1,2,-2,1,1,1,0.6,-0.2,0.8,0.1,-0.3,1,"SL.earth",2.55148617138984,0.0590413694236673,1.42916890383485,0.598963362871215,2.01550228824383,0.0394850003725645,2.507705389717,0.686967196237089
5000,0.2,0.5,0.25,3,-0.1,-0.6,-0.9,0.1,-0.1,0.1,1,2,-2,1,1,1,0.6,-0.2,0.8,0.1,-0.3,1,"SL.earth",2.99024755005841,0.0473258357952521,2.76983359616152,0.469243540059174,2.05565984274328,0.0352986588911471,2.28825442348913,0.537639567631118
5000,0.2,0.5,0.25,3,-0.1,-0.6,-0.9,0.1,-0.1,0.1,1,2,-2,1,1,1,0.6,-0.2,0.8,0.1,-0.3,1,"SL.earth",2.44354458051786,0.0547188318900892,-1.11071543433253,3.35266209980296,2.10043993974636,0.0520640049987537,1.27124980725176,1.21237753997068
5000,0.2,0.5,0.25,3,-0.1,-0.6,-0.9,0.1,-0.1,0.1,1,2,-2,1,1,1,0.6,-0.2,0.8,0.1,-0.3,1,"SL.earth",2.50208164412615,0.0462790023646779,2.7264324749306,0.558725850480803,2.00569020232305,0.046176766560627,2.48028927664184,0.686422604869841
1000,0.2,0.1,0.05,3,-0.1,-0.6,-0.9,0.1,-0.1,0.1,1,2,-2,1,1,1,0.6,-0.2,0.8,0.1,-0.3,1,"SL.earth",3.55919075455098,0.272104087348293,2.16913527546315,2.41950322348346,1.06256047294359,0.0909558661564292,1.96241051146799,1.29370198558797
1000,0.2,0.1,0.05,3,-0.1,-0.6,-0.9,0.1,-0.1,0.1,1,2,-2,1,1,1,0.6,-0.2,0.8,0.1,-0.3,1,"SL.earth",4.65296852628178,0.163894712719131,2.94871295898454,2.56295967704262,-0.232591232277131,0.1743209553995,-0.577412048849738,1.30303585486003
1000,0.2,0.1,0.05,3,-0.1,-0.6,-0.9,0.1,-0.1,0.1,1,2,-2,1,1,1,0.6,-0.2,0.8,0.1,-0.3,1,"SL.earth",-0.24345435956937,0.0533329297050567,-3.29590848698696,2.37201163973715,1.31022423981052,0.106582098279757,0.983630715559973,2.03965229090258
1000,0.2,0.1,0.05,3,-0.1,-0.6,-0.9,0.1,-0.1,0.1,1,2,-2,1,1,1,0.6,-0.2,0.8,0.1,-0.3,1,"SL.earth",0.158686471669159,0.0614195626609188,1.23114412580827,1.92075603697496,1.72183445126113,0.0922738835889905,2.49099114798792,4.11791320001117
1000,0.2,0.1,0.05,3,-0.1,-0.6,-0.9,0.1,-0.1,0.1,1,2,-2,1,1,1,0.6,-0.2,0.8,0.1,-0.3,1,"SL.earth",0.0801998034137266,0.0614212203678309,0.565319294093511,1.07420224030734,1.20621174926534,0.0734121526422554,-1.12853172212707,3.16648976639307
1000,0.2,0.2,0.1,3,-0.1,-0.6,-0.9,0.1,-0.1,0.1,1,2,-2,1,1,1,0.6,-0.2,0.8,0.1,-0.3,1,"SL.earth",3.05494255214503,0.119009054858626,3.22245581786221,0.835593452272698,3.94293082287861,0.139992360209746,5.45990616321293,2.48227770808055
1000,0.2,0.2,0.1,3,-0.1,-0.6,-0.9,0.1,-0.1,0.1,1,2,-2,1,1,1,0.6,-0.2,0.8,0.1,-0.3,1,"SL.earth",3.81244104754485,0.190652702596936,4.16039453322576,1.82859194185291,1.42616272169213,0.144884075652487,5.26377314389951,1.39182455817722
1000,0.2,0.2,0.1,3,-0.1,-0.6,-0.9,0.1,-0.1,0.1,1,2,-2,1,1,1,0.6,-0.2,0.8,0.1,-0.3,1,"SL.earth",3.90363991557723,0.151561761982399,5.59579149818101,1.78230460712787,2.63576944208748,0.123251669710763,-0.355449059372961,2.56208457047541
1000,0.2,0.2,0.1,3,-0.1,-0.6,-0.9,0.1,-0.1,0.1,1,2,-2,1,1,1,0.6,-0.2,0.8,0.1,-0.3,1,"SL.earth",2.1798803082821,0.108447635306395,-0.667413277144812,4.44914871315367,1.85091665458272,0.0923491699888213,3.7730528604548,1.53676721059051
1000,0.2,0.2,0.1,3,-0.1,-0.6,-0.9,0.1,-0.1,0.1,1,2,-2,1,1,1,0.6,-0.2,0.8,0.1,-0.3,1,"SL.earth",2.97994341733397,0.195624715820043,3.21708901867878,0.900395710068058,0.138524370984384,0.159130951104445,0.654743657040078,2.94184498295103
1000,0.2,0.3,0.15,3,-0.1,-0.6,-0.9,0.1,-0.1,0.1,1,2,-2,1,1,1,0.6,-0.2,0.8,0.1,-0.3,1,"SL.earth",2.85212397044966,0.25038318746685,2.24188179639756,3.6651933006798,2.36959970662359,0.223606837924083,6.64945625571226,2.06115216145691
1000,0.2,0.3,0.15,3,-0.1,-0.6,-0.9,0.1,-0.1,0.1,1,2,-2,1,1,1,0.6,-0.2,0.8,0.1,-0.3,1,"SL.earth",3.84716279183737,0.152952159244055,1.49185974758075,1.40957185018381,2.63663289978089,0.14362602529816,2.29594122425501,2.81783658049904
1000,0.2,0.3,0.15,3,-0.1,-0.6,-0.9,0.1,-0.1,0.1,1,2,-2,1,1,1,0.6,-0.2,0.8,0.1,-0.3,1,"SL.earth",2.89589365635197,0.134113097912765,5.87672704804462,3.97568845962147,2.44946624638261,0.0866545357215026,2.79269074650468,1.15368338975508
1000,0.2,0.3,0.15,3,-0.1,-0.6,-0.9,0.1,-0.1,0.1,1,2,-2,1,1,1,0.6,-0.2,0.8,0.1,-0.3,1,"SL.earth",2.39623122095477,0.15328754957631,2.03226654015226,1.85056867284842,1.74325205561808,0.13396604714677,-0.140216650747942,1.7150236130901
1000,0.2,0.3,0.15,3,-0.1,-0.6,-0.9,0.1,-0.1,0.1,1,2,-2,1,1,1,0.6,-0.2,0.8,0.1,-0.3,1,"SL.earth",3.53038068911112,0.223139128418698,4.7956586413083,0.697048392486693,2.70439970986074,0.155475266249271,4.97457382947962,1.25483841906741
1000,0.2,0.4,0.2,3,-0.1,-0.6,-0.9,0.1,-0.1,0.1,1,2,-2,1,1,1,0.6,-0.2,0.8,0.1,-0.3,1,"SL.earth",4.0640141562494,0.157343103411422,4.10961557242628,1.27652636673269,2.93314172186456,0.108511164533421,2.92727445556483,1.37719746988414
1000,0.2,0.4,0.2,3,-0.1,-0.6,-0.9,0.1,-0.1,0.1,1,2,-2,1,1,1,0.6,-0.2,0.8,0.1,-0.3,1,"SL.earth",3.07510119759049,0.179941647497556,2.09930997435119,1.15419931733881,0.995340777107585,0.134798902064128,2.65479762190298,1.21277490499898
1000,0.2,0.4,0.2,3,-0.1,-0.6,-0.9,0.1,-0.1,0.1,1,2,-2,1,1,1,0.6,-0.2,0.8,0.1,-0.3,1,"SL.earth",2.29433626502456,0.112621897484454,3.226567028027,1.22829030178293,1.73720892119973,0.133884824415575,-1.06368269709851,1.89412338890034
1000,0.2,0.4,0.2,3,-0.1,-0.6,-0.9,0.1,-0.1,0.1,1,2,-2,1,1,1,0.6,-0.2,0.8,0.1,-0.3,1,"SL.earth",1.10705286114577,0.0848556460917886,1.76876219020892,0.723035506054828,3.29068578402017,0.119894472165144,3.14972962719468,1.12559309266153
1000,0.2,0.4,0.2,3,-0.1,-0.6,-0.9,0.1,-0.1,0.1,1,2,-2,1,1,1,0.6,-0.2,0.8,0.1,-0.3,1,"SL.earth",3.20969785377977,0.234835166221038,2.28694012825332,0.945343777356471,3.09068191021775,0.252282652621265,4.67983748451766,1.86755007796129
1000,0.2,0.5,0.25,3,-0.1,-0.6,-0.9,0.1,-0.1,0.1,1,2,-2,1,1,1,0.6,-0.2,0.8,0.1,-0.3,1,"SL.earth",3.14983530915192,0.171415751415553,6.00563133060197,1.94591016944067,2.34500072259873,0.13909018978504,2.99075066364294,1.06441666184482
1000,0.2,0.5,0.25,3,-0.1,-0.6,-0.9,0.1,-0.1,0.1,1,2,-2,1,1,1,0.6,-0.2,0.8,0.1,-0.3,1,"SL.earth",1.42388999368859,0.13302671007637,0.60421734986353,0.855573026930942,1.00007392440229,0.105315585822751,-0.0574027251044085,1.82141071229928
1000,0.2,0.5,0.25,3,-0.1,-0.6,-0.9,0.1,-0.1,0.1,1,2,-2,1,1,1,0.6,-0.2,0.8,0.1,-0.3,1,"SL.earth",3.4444371279732,0.117732138605363,3.64694941618355,0.916494133978424,2.92311385630457,0.113546603832214,4.36904389359061,1.17929804280594
1000,0.2,0.5,0.25,3,-0.1,-0.6,-0.9,0.1,-0.1,0.1,1,2,-2,1,1,1,0.6,-0.2,0.8,0.1,-0.3,1,"SL.earth",2.46959797887439,0.223460888349752,1.55371145253865,1.19924070614436,2.87409223221312,0.190957774211978,5.6287030316214,2.05396715797677
1000,0.2,0.5,0.25,3,-0.1,-0.6,-0.9,0.1,-0.1,0.1,1,2,-2,1,1,1,0.6,-0.2,0.8,0.1,-0.3,1,"SL.earth",2.72048767849501,0.181959918186891,2.87555792967685,0.755515849999583,2.66336312595761,0.110165802410944,3.78532894678261,1.40009769357236
2500,0.2,0.1,0.05,3,-0.1,-0.6,-0.9,0.1,-0.1,0.1,1,2,-2,1,1,1,0.6,-0.2,0.8,0.1,-0.3,1,"SL.earth",4.85327710464224,0.0833036403393457,6.92624436756182,1.8406945538302,2.51642058151569,0.0834022319217066,0.317785669127577,3.38428592732909
2500,0.2,0.1,0.05,3,-0.1,-0.6,-0.9,0.1,-0.1,0.1,1,2,-2,1,1,1,0.6,-0.2,0.8,0.1,-0.3,1,"SL.earth",1.85807542931851,0.058354422108937,2.82404134292974,1.64078685155211,1.43686801676781,0.0567074316779933,2.88770982723085,1.96750387344605
2500,0.2,0.1,0.05,3,-0.1,-0.6,-0.9,0.1,-0.1,0.1,1,2,-2,1,1,1,0.6,-0.2,0.8,0.1,-0.3,1,"SL.earth",1.39556642527946,0.0518501109449518,0.41976369619365,1.29566320488363,2.3857013164844,0.0839450691599947,1.57060034707747,1.61561879862875
2500,0.2,0.1,0.05,3,-0.1,-0.6,-0.9,0.1,-0.1,0.1,1,2,-2,1,1,1,0.6,-0.2,0.8,0.1,-0.3,1,"SL.earth",1.66161460215369,0.063831149545353,-0.178699320811066,2.11492062786189,1.05496588901383,0.038081101849937,2.49271251332072,1.078381925735
2500,0.2,0.1,0.05,3,-0.1,-0.6,-0.9,0.1,-0.1,0.1,1,2,-2,1,1,1,0.6,-0.2,0.8,0.1,-0.3,1,"SL.earth",0.98055037184052,0.0468167659635278,-0.12750601296725,1.81952696212439,1.79703184133624,0.0602210647382067,3.01868066802385,1.82706248283155
2500,0.2,0.2,0.1,3,-0.1,-0.6,-0.9,0.1,-0.1,0.1,1,2,-2,1,1,1,0.6,-0.2,0.8,0.1,-0.3,1,"SL.earth",2.82799842170872,0.0759554048949308,4.17240462248935,2.75802196064901,2.42786274082827,0.0632334502021982,2.75420903740245,1.16816939409916
2500,0.2,0.2,0.1,3,-0.1,-0.6,-0.9,0.1,-0.1,0.1,1,2,-2,1,1,1,0.6,-0.2,0.8,0.1,-0.3,1,"SL.earth",2.90440820740807,0.0924258376762421,0.131137495888758,1.63957781991875,1.35111448047893,0.0400308428005864,1.00977490179702,1.39897040327808
2500,0.2,0.2,0.1,3,-0.1,-0.6,-0.9,0.1,-0.1,0.1,1,2,-2,1,1,1,0.6,-0.2,0.8,0.1,-0.3,1,"SL.earth",1.31890050711224,0.0816855204526018,1.90288038415514,0.633353271338635,2.25694721361743,0.0824486702600516,1.88985559025692,1.33596891739562
2500,0.2,0.2,0.1,3,-0.1,-0.6,-0.9,0.1,-0.1,0.1,1,2,-2,1,1,1,0.6,-0.2,0.8,0.1,-0.3,1,"SL.earth",3.0607058665146,0.0695988262902777,3.48929292440362,2.08967583481731,2.00793073623379,0.0513294230057875,3.74652648857218,0.98019853286777
2500,0.2,0.2,0.1,3,-0.1,-0.6,-0.9,0.1,-0.1,0.1,1,2,-2,1,1,1,0.6,-0.2,0.8,0.1,-0.3,1,"SL.earth",3.78979582065491,0.0994973034737405,4.4378762136059,0.778729631027904,2.8957050963476,0.097177075022638,3.23155632937509,1.05245913917727
2500,0.2,0.3,0.15,3,-0.1,-0.6,-0.9,0.1,-0.1,0.1,1,2,-2,1,1,1,0.6,-0.2,0.8,0.1,-0.3,1,"SL.earth",3.14536049987427,0.0833899811094159,4.4965804020036,1.18550405761086,2.07715155768375,0.09978740506547,1.08713623552498,1.18731667219352
2500,0.2,0.3,0.15,3,-0.1,-0.6,-0.9,0.1,-0.1,0.1,1,2,-2,1,1,1,0.6,-0.2,0.8,0.1,-0.3,1,"SL.earth",1.96608726520513,0.0852733391074766,1.90252804422063,1.5220641728188,2.17556203913217,0.0791768461622699,4.72624245971421,1.12455659220672
2500,0.2,0.3,0.15,3,-0.1,-0.6,-0.9,0.1,-0.1,0.1,1,2,-2,1,1,1,0.6,-0.2,0.8,0.1,-0.3,1,"SL.earth",2.01266465933766,0.04611219370311,2.92740817818405,1.06769933311624,1.63362203230013,0.0486535874105428,1.85303556146476,0.807322560914847
2500,0.2,0.3,0.15,3,-0.1,-0.6,-0.9,0.1,-0.1,0.1,1,2,-2,1,1,1,0.6,-0.2,0.8,0.1,-0.3,1,"SL.earth",3.4887698586699,0.0956572372470423,4.06309771475844,0.437113652141083,2.22306408235133,0.0857689177290422,3.50939889952425,0.667462685471113
2500,0.2,0.3,0.15,3,-0.1,-0.6,-0.9,0.1,-0.1,0.1,1,2,-2,1,1,1,0.6,-0.2,0.8,0.1,-0.3,1,"SL.earth",3.17882909029087,0.0846593949681724,2.94717345539221,0.849437222064246,2.03967629089256,0.0908292000109386,4.3576193639209,1.71311753492654
2500,0.2,0.4,0.2,3,-0.1,-0.6,-0.9,0.1,-0.1,0.1,1,2,-2,1,1,1,0.6,-0.2,0.8,0.1,-0.3,1,"SL.earth",2.96421401212393,0.0812073710489234,2.10485019391736,1.78824965584815,2.2818022579287,0.0658067436613926,2.87088061533434,0.899381893095715
2500,0.2,0.4,0.2,3,-0.1,-0.6,-0.9,0.1,-0.1,0.1,1,2,-2,1,1,1,0.6,-0.2,0.8,0.1,-0.3,1,"SL.earth",3.62139142464269,0.0865885818001481,4.02710696564539,1.27041989243729,3.0725702670029,0.0802960926809436,3.69834654494328,0.835417069723826
2500,0.2,0.4,0.2,3,-0.1,-0.6,-0.9,0.1,-0.1,0.1,1,2,-2,1,1,1,0.6,-0.2,0.8,0.1,-0.3,1,"SL.earth",2.43392072779287,0.0769115729390635,2.09291453832536,0.952517430116559,1.56228175944968,0.0659432927301313,3.51103611105873,1.1021857407995
2500,0.2,0.4,0.2,3,-0.1,-0.6,-0.9,0.1,-0.1,0.1,1,2,-2,1,1,1,0.6,-0.2,0.8,0.1,-0.3,1,"SL.earth",2.67535272122615,0.0594568098798926,2.29260987750977,0.645327457962224,2.14523820846704,0.0650209941961195,2.51533938719672,0.877802061009216
2500,0.2,0.4,0.2,3,-0.1,-0.6,-0.9,0.1,-0.1,0.1,1,2,-2,1,1,1,0.6,-0.2,0.8,0.1,-0.3,1,"SL.earth",2.39514851328485,0.0565070455759478,4.16353299334394,1.88969230297323,1.72890738272848,0.052210617022225,3.08163236901426,0.750008067618406
2500,0.2,0.5,0.25,3,-0.1,-0.6,-0.9,0.1,-0.1,0.1,1,2,-2,1,1,1,0.6,-0.2,0.8,0.1,-0.3,1,"SL.earth",2.33257022763275,0.0865188348264272,2.16573548189384,1.06686782921009,1.4782705967346,0.0460668405456297,1.94698699491633,0.826136383214862
2500,0.2,0.5,0.25,3,-0.1,-0.6,-0.9,0.1,-0.1,0.1,1,2,-2,1,1,1,0.6,-0.2,0.8,0.1,-0.3,1,"SL.earth",2.40760874937672,0.0733623279782848,2.37513680053426,0.822815753624316,2.18181188622464,0.0555187803956735,2.90178605797323,0.776340767693923
2500,0.2,0.5,0.25,3,-0.1,-0.6,-0.9,0.1,-0.1,0.1,1,2,-2,1,1,1,0.6,-0.2,0.8,0.1,-0.3,1,"SL.earth",2.63758104359366,0.0828338952859232,2.38698229337309,0.707855607253436,2.43931437781608,0.0766915485540413,2.26403698281019,0.850446827083051
2500,0.2,0.5,0.25,3,-0.1,-0.6,-0.9,0.1,-0.1,0.1,1,2,-2,1,1,1,0.6,-0.2,0.8,0.1,-0.3,1,"SL.earth",2.23122848505022,0.0702018430609557,2.02819436637362,0.605673367815913,2.09787640182041,0.0632724596882259,2.59066799346786,0.893030203583895
2500,0.2,0.5,0.25,3,-0.1,-0.6,-0.9,0.1,-0.1,0.1,1,2,-2,1,1,1,0.6,-0.2,0.8,0.1,-0.3,1,"SL.earth",1.85290151040561,0.0468380616083286,1.84207047638722,0.768547814159611,1.73374729527425,0.0455750500344918,2.26510057865081,0.749549209150942
5000,0.2,0.1,0.05,3,-0.1,-0.6,-0.9,0.1,-0.1,0.1,1,2,-2,1,1,1,0.6,-0.2,0.8,0.1,-0.3,1,"SL.earth",3.82613974888562,0.0615380727899046,4.96422084839504,1.19365973756771,2.15569202511818,0.0365029522534902,3.47121706673128,0.845409982158621
5000,0.2,0.1,0.05,3,-0.1,-0.6,-0.9,0.1,-0.1,0.1,1,2,-2,1,1,1,0.6,-0.2,0.8,0.1,-0.3,1,"SL.earth",2.52230834632945,0.0371837198551699,3.5465743714027,0.609860699839329,2.19324253256767,0.0340414548658626,3.55291072655,0.951743158340348
5000,0.2,0.1,0.05,3,-0.1,-0.6,-0.9,0.1,-0.1,0.1,1,2,-2,1,1,1,0.6,-0.2,0.8,0.1,-0.3,1,"SL.earth",2.04469052720705,0.0414172655326494,2.42120808427816,1.36940849970372,1.58050017073521,0.0409000225020262,-0.536895115623415,1.55812425228452
5000,0.2,0.1,0.05,3,-0.1,-0.6,-0.9,0.1,-0.1,0.1,1,2,-2,1,1,1,0.6,-0.2,0.8,0.1,-0.3,1,"SL.earth",2.3113405735734,0.0366425240148535,1.46418178443451,0.77750222888279,2.23675407784816,0.0321340707407577,3.65368549332137,1.05051683471546
5000,0.2,0.1,0.05,3,-0.1,-0.6,-0.9,0.1,-0.1,0.1,1,2,-2,1,1,1,0.6,-0.2,0.8,0.1,-0.3,1,"SL.earth",4.25730556073269,0.0571977458515137,3.72814855158495,1.36769461690186,2.24364356491911,0.0464907562666408,2.48452978852528,1.07692075320689
5000,0.2,0.2,0.1,3,-0.1,-0.6,-0.9,0.1,-0.1,0.1,1,2,-2,1,1,1,0.6,-0.2,0.8,0.1,-0.3,1,"SL.earth",2.20295281440875,0.042539756311073,1.3160641315768,0.949111066000468,1.708889639575,0.0497703861175975,0.45731479624971,1.09034108639467
5000,0.2,0.2,0.1,3,-0.1,-0.6,-0.9,0.1,-0.1,0.1,1,2,-2,1,1,1,0.6,-0.2,0.8,0.1,-0.3,1,"SL.earth",1.87345729875099,0.0597742867489007,2.25127080271951,0.905451682892078,1.88862397403152,0.0606217370353401,3.32865942506119,0.681663971505639
5000,0.2,0.2,0.1,3,-0.1,-0.6,-0.9,0.1,-0.1,0.1,1,2,-2,1,1,1,0.6,-0.2,0.8,0.1,-0.3,1,"SL.earth",2.35093474109498,0.0394804145575226,2.97844201008147,0.687068028807072,2.43271831210568,0.0408119043494274,2.43700262371175,0.751488393950919
5000,0.2,0.2,0.1,3,-0.1,-0.6,-0.9,0.1,-0.1,0.1,1,2,-2,1,1,1,0.6,-0.2,0.8,0.1,-0.3,1,"SL.earth",2.83417679920947,0.0538036993411534,4.43382569067216,2.28413395135817,2.40520120569693,0.0436795374201607,3.22062697225604,0.87730812730967
5000,0.2,0.2,0.1,3,-0.1,-0.6,-0.9,0.1,-0.1,0.1,1,2,-2,1,1,1,0.6,-0.2,0.8,0.1,-0.3,1,"SL.earth",1.72958349920357,0.0322970307656088,-0.510192665691404,1.31750817778106,1.99579925673517,0.0316742781929528,3.42269518285537,0.686355378288113
5000,0.2,0.3,0.15,3,-0.1,-0.6,-0.9,0.1,-0.1,0.1,1,2,-2,1,1,1,0.6,-0.2,0.8,0.1,-0.3,1,"SL.earth",1.6913404575604,0.0289424591438416,2.09627665795124,0.764018876678181,1.65760874240407,0.0267815629692113,3.05150616134369,0.558198516438498
5000,0.2,0.3,0.15,3,-0.1,-0.6,-0.9,0.1,-0.1,0.1,1,2,-2,1,1,1,0.6,-0.2,0.8,0.1,-0.3,1,"SL.earth",3.60926813983565,0.055809004552712,4.31900903894592,0.629540152861329,2.35424652727953,0.0446304324120906,2.64922251556506,0.659633253021883
5000,0.2,0.3,0.15,3,-0.1,-0.6,-0.9,0.1,-0.1,0.1,1,2,-2,1,1,1,0.6,-0.2,0.8,0.1,-0.3,1,"SL.earth",2.34977956004811,0.0413036184129835,3.13679761415533,0.694202289953086,1.38103851876748,0.0394855202915073,3.0541985446819,0.810531558759764
5000,0.2,0.3,0.15,3,-0.1,-0.6,-0.9,0.1,-0.1,0.1,1,2,-2,1,1,1,0.6,-0.2,0.8,0.1,-0.3,1,"SL.earth",3.58581324433317,0.053229132212343,4.46426563292545,0.774340062970358,2.72565767723693,0.0509661696207315,3.29083928032452,0.572654945542031
5000,0.2,0.3,0.15,3,-0.1,-0.6,-0.9,0.1,-0.1,0.1,1,2,-2,1,1,1,0.6,-0.2,0.8,0.1,-0.3,1,"SL.earth",3.19983804899428,0.0543564222215407,3.30748727980326,0.674299143983287,2.04289493108525,0.0471426571747394,2.92712104050839,0.566726245510502
5000,0.2,0.4,0.2,3,-0.1,-0.6,-0.9,0.1,-0.1,0.1,1,2,-2,1,1,1,0.6,-0.2,0.8,0.1,-0.3,1,"SL.earth",3.13301687898024,0.0442718255446349,3.71872125715663,0.441898193470236,2.07611527381273,0.0402958185418964,3.18953310133697,0.578189574819537
5000,0.2,0.4,0.2,3,-0.1,-0.6,-0.9,0.1,-0.1,0.1,1,2,-2,1,1,1,0.6,-0.2,0.8,0.1,-0.3,1,"SL.earth",1.98369947209465,0.0418398106381163,1.85815930114421,0.661483703943659,1.93914684299526,0.041940904087298,2.81378565362358,0.626596285341922
5000,0.2,0.4,0.2,3,-0.1,-0.6,-0.9,0.1,-0.1,0.1,1,2,-2,1,1,1,0.6,-0.2,0.8,0.1,-0.3,1,"SL.earth",2.99188690789254,0.0514777678253787,2.22168222977985,0.917045999556051,2.8404207452965,0.0555106308256268,3.4200992767984,0.699072293402962
5000,0.2,0.4,0.2,3,-0.1,-0.6,-0.9,0.1,-0.1,0.1,1,2,-2,1,1,1,0.6,-0.2,0.8,0.1,-0.3,1,"SL.earth",3.184761932042,0.0598533442798995,3.7949258172204,1.47736978785414,2.33430616850976,0.0522946511913816,3.02895405370611,0.613080898984348
5000,0.2,0.4,0.2,3,-0.1,-0.6,-0.9,0.1,-0.1,0.1,1,2,-2,1,1,1,0.6,-0.2,0.8,0.1,-0.3,1,"SL.earth",2.62917713444344,0.0419815163380045,1.85003882280444,0.836542066593498,1.98916363396129,0.0468247352248661,2.68934324542706,0.629881282344953
5000,0.2,0.5,0.25,3,-0.1,-0.6,-0.9,0.1,-0.1,0.1,1,2,-2,1,1,1,0.6,-0.2,0.8,0.1,-0.3,1,"SL.earth",1.79816810763592,0.050910395804045,3.3726701704003,1.03174050369501,1.99254311476303,0.0542683801452382,3.58307627659702,0.631009170147804
5000,0.2,0.5,0.25,3,-0.1,-0.6,-0.9,0.1,-0.1,0.1,1,2,-2,1,1,1,0.6,-0.2,0.8,0.1,-0.3,1,"SL.earth",3.17986616574929,0.0763029286275064,2.35892948591083,0.785879625395242,2.56261119985254,0.0691667179904434,3.75510860713524,0.586063097791649
5000,0.2,0.5,0.25,3,-0.1,-0.6,-0.9,0.1,-0.1,0.1,1,2,-2,1,1,1,0.6,-0.2,0.8,0.1,-0.3,1,"SL.earth",2.37493673117466,0.0429677215140467,2.2927694624284,0.69136027434373,1.97905043293757,0.0408876438496716,2.01590975902788,0.511613350358927
5000,0.2,0.5,0.25,3,-0.1,-0.6,-0.9,0.1,-0.1,0.1,1,2,-2,1,1,1,0.6,-0.2,0.8,0.1,-0.3,1,"SL.earth",3.3067412673857,0.0791632114949401,3.12922412385792,0.684792061940561,2.20441425933872,0.059255632573313,3.96484461087319,0.638326643691482
5000,0.2,0.5,0.25,3,-0.1,-0.6,-0.9,0.1,-0.1,0.1,1,2,-2,1,1,1,0.6,-0.2,0.8,0.1,-0.3,1,"SL.earth",2.67361255282234,0.0497558242764265,3.27690104237625,0.765539401213415,2.20566787225789,0.0427381624319213,3.22572806228919,0.516758138407551
